source,target,num_players,total_amount,total_normalized_amount,num_young_players,num_middle_aged_players,num_old_players,total_amount_for_young_players,total_amount_for_middle_aged_players,total_amount_for_old_players,total_normalized_amount_for_young_players,total_normalized_amount_for_middle_aged_players,total_normalized_amount_for_old_players
366,6676,1,0,0,0,1,0,0.0,0,0.0,0,0,0
16795,3368,1,0.00114,0.009523809523809523809523809524,0,1,0,0.0,0.00114,0.0,0,0.009523809523809523809523809524,0
416,408,2,0,0,2,0,0,0,0.0,0.0,0,0,0
358,11143,1,0,0,1,0,0,0,0.0,0.0,0,0,0
506,649,1,0,0,1,0,0,0,0.0,0.0,0,0,0
27518,1210,1,0,0,1,0,0,0,0.0,0.0,0,0,0
417,1175,1,0,0,1,0,0,0,0.0,0.0,0,0,0
749,430,1,0,0,0,1,0,0.0,0,0.0,0,0,0
800,5514,1,0,0,1,0,0,0,0.0,0.0,0,0,0
416,2722,2,0,0,2,0,0,0,0.0,0.0,0,0,0
931,1042,2,0,0,2,0,0,0,0.0,0.0,0,0,0
12,33734,1,0,0,1,0,0,0,0.0,0.0,0,0,0
22,677,1,0,0,0,1,0,0.0,0,0.0,0,0,0
252,56966,1,0,0,1,0,0,0,0.0,0.0,0,0,0
40,1160,1,0,0,1,0,0,0,0.0,0.0,0,0,0
1071,3688,1,0,0,1,0,0,0,0.0,0.0,0,0,0
12,19164,1,0,0,1,0,0,0,0.0,0.0,0,0,0
416,38290,1,0,0,1,0,0,0,0.0,0.0,0,0,0
11,1032,2,0,0,1,1,0,0,0,0.0,0,0,0
281,1191,1,0,0,1,0,0,0,0.0,0.0,0,0,0
130,24898,1,0,0,1,0,0,0,0.0,0.0,0,0,0
1049,367,1,0,0,0,1,0,0.0,0,0.0,0,0,0
931,180,1,0,0,0,0,1,0.0,0.0,0,0,0,0
714,7077,1,0,0,1,0,0,0,0.0,0.0,0,0,0
430,458,1,0,0,0,1,0,0.0,0,0.0,0,0,0
5,2919,2,0,0,2,0,0,0,0.0,0.0,0,0,0
82,91,1,0.00057,0.004761904761904761904761904762,1,0,0,0.00057,0.0,0.0,0.004761904761904761904761904762,0,0
800,4159,2,0,0,2,0,0,0,0.0,0.0,0,0,0
506,4102,1,0,0,1,0,0,0,0.0,0.0,0,0,0
1005,4330,1,0,0,1,0,0,0,0.0,0.0,0,0,0
749,4172,1,0,0,0,1,0,0.0,0,0.0,0,0,0
19,1429,1,0,0,1,0,0,0,0.0,0.0,0,0,0
621,366,1,0,0,1,0,0,0,0.0,0.0,0,0,0
583,1050,1,0,0,1,0,0,0,0.0,0.0,0,0,0
1095,2067,1,0,0,1,0,0,0,0.0,0.0,0,0,0
5,3368,1,0,0,0,0,1,0.0,0.0,0,0,0,0
800,4553,1,0,0,1,0,0,0,0.0,0.0,0,0,0
130,4326,3,0,0,3,0,0,0,0.0,0.0,0,0,0
1159,855,1,0,0,0,1,0,0.0,0,0.0,0,0,0
148,3684,2,0,0,2,0,0,0,0.0,0.0,0,0,0
131,648,1,0,0,0,1,0,0.0,0,0.0,0,0,0
1005,4515,1,0,0,1,0,0,0,0.0,0.0,0,0,0
1132,1252,1,0,0,0,1,0,0.0,0,0.0,0,0,0
1049,134,1,0.0057,0.05319148936170212765957446809,1,0,0,0.0057,0.0,0.0,0.05319148936170212765957446809,0,0
11,379,2,0,0,0,1,1,0.0,0,0,0,0,0
31,3697,1,0,0,1,0,0,0,0.0,0.0,0,0,0
46,22045,1,0,0,1,0,0,0,0.0,0.0,0,0,0
1039,3867,1,0,0,1,0,0,0,0.0,0.0,0,0,0
130,6574,1,0,0,1,0,0,0,0.0,0.0,0,0,0
11,1028,1,0,0,1,0,0,0,0.0,0.0,0,0,0
1050,1531,1,0,0,1,0,0,0,0.0,0.0,0,0,0
458,4331,1,0,0,1,0,0,0,0.0,0.0,0,0,0
130,1387,1,0,0,0,0,1,0.0,0.0,0,0,0,0
1038,1047,1,0,0,1,0,0,0,0.0,0.0,0,0,0
1110,3694,1,0,0,1,0,0,0,0.0,0.0,0,0,0
5,641,1,0,0,0,0,1,0.0,0.0,0,0,0,0
621,2448,1,0,0,0,0,1,0.0,0.0,0,0,0,0
5,4554,1,0,0,1,0,0,0,0.0,0.0,0,0,0
1084,367,1,0,0,0,1,0,0.0,0,0.0,0,0,0
162,520,1,0,0,1,0,0,0,0.0,0.0,0,0,0
995,1423,1,0,0,1,0,0,0,0.0,0.0,0,0,0
631,13,1,0.0137,0.2861319966583124477861319967,1,0,0,0.0137,0.0,0.0,0.2861319966583124477861319967,0,0
985,29,1,0,0,0,1,0,0.0,0,0.0,0,0,0
281,1181,2,0,0,2,0,0,0,0.0,0.0,0,0,0
1159,8178,2,0,0,2,0,0,0,0.0,0.0,0,0,0
3368,366,1,0,0,0,1,0,0.0,0,0.0,0,0,0
1041,667,1,0,0,1,0,0,0,0.0,0.0,0,0,0
603,698,2,0,0,2,0,0,0,0.0,0.0,0,0,0
379,1071,1,0,0,1,0,0,0,0.0,0.0,0,0,0
1020,1123,1,0,0,0,1,0,0.0,0,0.0,0,0,0
1038,410,1,0,0,0,1,0,0.0,0,0.0,0,0,0
931,1035,1,0,0,0,0,1,0.0,0.0,0,0,0,0
631,1039,2,0,0,2,0,0,0,0.0,0.0,0,0,0
289,3489,1,0,0,1,0,0,0,0.0,0.0,0,0,0
1003,3820,1,0,0,1,0,0,0,0.0,0.0,0,0,0
931,162,1,0,0,0,0,1,0.0,0.0,0,0,0,0
1627,1038,1,0,0,0,1,0,0.0,0,0.0,0,0,0
358,991,1,0,0,1,0,0,0,0.0,0.0,0,0,0
6195,4093,1,0,0,1,0,0,0,0.0,0.0,0,0,0
11,3008,2,0,0,2,0,0,0,0.0,0.0,0,0,0
1210,3037,1,0,0,0,1,0,0.0,0,0.0,0,0,0
897,1531,1,0,0,1,0,0,0,0.0,0.0,0,0,0
347,2715,1,0,0,1,0,0,0,0.0,0.0,0,0,0
281,1123,1,0,0,1,0,0,0,0.0,0.0,0,0,0
506,1387,1,0,0,1,0,0,0,0.0,0.0,0,0,0
46,4361,1,0,0,1,0,0,0,0.0,0.0,0,0,0
252,2581,3,0,0,2,1,0,0,0,0.0,0,0,0
931,1088,1,0,0,0,1,0,0.0,0,0.0,0,0,0
31,1071,2,0,0,0,2,0,0.0,0,0.0,0,0,0
86,109,1,0,0,1,0,0,0,0.0,0.0,0,0,0
458,11,1,0.0114,0.09900990099009900990099009901,0,1,0,0.0,0.0114,0.0,0,0.09900990099009900990099009901,0
714,2687,1,0,0,1,0,0,0,0.0,0.0,0,0,0
130,26722,2,0,0,2,0,0,0,0.0,0.0,0,0,0
331,2296,1,0,0,1,0,0,0,0.0,0.0,0,0,0
164,1003,1,0,0,1,0,0,0,0.0,0.0,0,0,0
13,5358,1,0,0,1,0,0,0,0.0,0.0,0,0,0
458,276,1,0,0,1,0,0,0,0.0,0.0,0,0,0
14,42,1,0.00171,0.040,0,1,0,0.0,0.00171,0.0,0,0.040,0
289,1252,1,0,0,1,0,0,0,0.0,0.0,0,0,0
15,254,1,0,0,1,0,0,0,0.0,0.0,0,0,0
873,3820,1,0,0,0,1,0,0.0,0,0.0,0,0,0
506,3508,1,0,0,1,0,0,0,0.0,0.0,0,0,0
995,1161,1,0,0,1,0,0,0,0.0,0.0,0,0,0
1038,4083,1,0,0,1,0,0,0,0.0,0.0,0,0,0
252,4553,1,0,0,1,0,0,0,0.0,0.0,0,0,0
800,380,1,0,0,1,0,0,0,0.0,0.0,0,0,0
931,2455,1,0,0,1,0,0,0,0.0,0.0,0,0,0
148,1028,1,0,0,1,0,0,0,0.0,0.0,0,0,0
1071,512,1,0,0,0,0,1,0.0,0.0,0,0,0,0
398,2251,1,0,0,0,0,1,0.0,0.0,0,0,0,0
985,244,1,0,0,0,0,1,0.0,0.0,0,0,0,0
13,1071,1,0,0,1,0,0,0,0.0,0.0,0,0,0
276,4718,1,0,0,0,1,0,0.0,0,0.0,0,0,0
714,12321,1,0,0,1,0,0,0,0.0,0.0,0,0,0
506,1210,1,0,0,0,1,0,0.0,0,0.0,0,0,0
332,7198,1,0,0,1,0,0,0,0.0,0.0,0,0,0
148,989,1,0,0,1,0,0,0,0.0,0.0,0,0,0
46,4172,1,0,0,1,0,0,0,0.0,0.0,0,0,0
162,1147,1,0,0,0,1,0,0.0,0,0.0,0,0,0
130,5587,1,0,0,1,0,0,0,0.0,0.0,0,0,0
82,167,1,0.00011,0.002539242843951985226223453370,1,0,0,0.00011,0.0,0.0,0.002539242843951985226223453370,0,0
585,873,1,0,0,1,0,0,0,0.0,0.0,0,0,0
631,641,1,0,0,1,0,0,0,0.0,0.0,0,0,0
142,134,1,0,0,0,0,1,0.0,0.0,0,0,0,0
862,26789,2,0,0,2,0,0,0,0.0,0.0,0,0,0
290,1420,1,0,0,0,1,0,0.0,0,0.0,0,0,0
405,543,1,0.0057,0.1315789473684210526315789474,0,1,0,0.0,0.0057,0.0,0,0.1315789473684210526315789474,0
417,520,1,0,0,1,0,0,0,0.0,0.0,0,0,0
985,2577,1,0,0,1,0,0,0,0.0,0.0,0,0,0
1050,2867,1,0,0,0,0,1,0.0,0.0,0,0,0,0
618,30200,1,0,0,1,0,0,0,0.0,0.0,0,0,0
1020,2436,1,0,0,1,0,0,0,0.0,0.0,0,0,0
749,27520,1,0,0,1,0,0,0,0.0,0.0,0,0,0
130,4331,1,0,0,1,0,0,0,0.0,0.0,0,0,0
148,3696,2,0,0,2,0,0,0,0.0,0.0,0,0,0
16795,681,1,0,0,0,1,0,0.0,0,0.0,0,0,0
12,1038,1,0.00188,0.03758496601359456217512994802,1,0,0,0.00188,0.0,0.0,0.03758496601359456217512994802,0,0
1032,1148,2,0,0,2,0,0,0,0.0,0.0,0,0,0
281,370,1,0,0,0,1,0,0.0,0,0.0,0,0,0
940,11000,1,0,0,1,0,0,0,0.0,0.0,0,0,0
1038,22045,1,0,0,1,0,0,0,0.0,0.0,0,0,0
660,931,1,0,0,1,0,0,0,0.0,0.0,0,0,0
873,3684,1,0,0,1,0,0,0,0.0,0.0,0,0,0
18,3650,1,0,0,1,0,0,0,0.0,0.0,0,0,0
31,317,1,0,0,1,0,0,0,0.0,0.0,0,0,0
289,512,2,0,0,2,0,0,0,0.0,0.0,0,0,0
6195,1387,1,0,0,1,0,0,0,0.0,0.0,0,0,0
162,14171,1,0,0,1,0,0,0,0.0,0.0,0,0,0
631,350,1,0,0,1,0,0,0,0.0,0.0,0,0,0
621,2296,2,0,0,1,1,0,0,0,0.0,0,0,0
1123,1060,1,0,0,1,0,0,0,0.0,0.0,0,0,0
130,13562,1,0,0,1,0,0,0,0.0,0.0,0,0,0
368,931,1,0,0,1,0,0,0,0.0,0.0,0,0,0
46,2239,1,0,0,1,0,0,0,0.0,0.0,0,0,0
130,4153,1,0,0,1,0,0,0,0.0,0.0,0,0,0
677,543,1,0,0,0,1,0,0.0,0,0.0,0,0,0
800,430,1,0.00376,0.03141186299081035923141186299,1,0,0,0.00376,0.0,0.0,0.03141186299081035923141186299,0,0
13,1075,1,0,0,1,0,0,0,0.0,0.0,0,0,0
13,405,1,0,0,1,0,0,0,0.0,0.0,0,0,0
290,2967,1,0,0,1,0,0,0,0.0,0.0,0,0,0
631,1042,1,0,0,1,0,0,0,0.0,0.0,0,0,0
358,2814,1,0,0,1,0,0,0,0.0,0.0,0,0,0
31,984,1,0,0,1,0,0,0,0.0,0.0,0,0,0
11,12,1,0,0,0,1,0,0.0,0,0.0,0,0,0
1531,1533,1,0,0,0,1,0,0.0,0,0.0,0,0,0
398,276,1,0,0,1,0,0,0,0.0,0.0,0,0,0
410,1387,1,0,0,0,1,0,0.0,0,0.0,0,0,0
19,4031,1,0,0,1,0,0,0,0.0,0.0,0,0,0
630,2867,1,0,0,0,1,0,0.0,0,0.0,0,0,0
398,380,4,0,0,3,1,0,0,0,0.0,0,0,0
583,595,1,0,0,1,0,0,0,0.0,0.0,0,0,0
5,199,1,0,0,0,1,0,0.0,0,0.0,0,0,0
19,1627,1,0,0,0,1,0,0.0,0,0.0,0,0,0
31,3391,1,0.00342,0.03191489361702127659574468085,0,1,0,0.0,0.00342,0.0,0,0.03191489361702127659574468085,0
762,1098,1,0,0,1,0,0,0,0.0,0.0,0,0,0
931,1032,1,0,0,0,1,0,0.0,0,0.0,0,0,0
46,714,1,0,0,1,0,0,0,0.0,0.0,0,0,0
148,3685,2,0,0,2,0,0,0,0.0,0.0,0,0,0
800,10670,1,0,0,1,0,0,0,0.0,0.0,0,0,0
29,190,1,0,0,0,1,0,0.0,0,0.0,0,0,0
931,399,1,0,0,0,0,1,0.0,0.0,0,0,0,0
984,703,1,0,0,0,0,1,0.0,0.0,0,0,0,0
969,9202,1,0,0,0,1,0,0.0,0,0.0,0,0,0
15,440,1,0,0,1,0,0,0,0.0,0.0,0,0,0
289,3456,1,0,0,1,0,0,0,0.0,0.0,0,0,0
1387,27568,1,0,0,1,0,0,0,0.0,0.0,0,0,0
5,800,1,0,0,0,1,0,0.0,0,0.0,0,0,0
985,1088,1,0,0,1,0,0,0,0.0,0.0,0,0,0
281,379,1,0.0262,0.1035245772087877351035245772,0,0,1,0.0,0.0,0.0262,0,0,0.1035245772087877351035245772
621,1244,1,0,0,0,1,0,0.0,0,0.0,0,0,0
5,408,1,0,0,1,0,0,0,0.0,0.0,0,0,0
985,630,1,0,0,0,0,1,0.0,0.0,0,0,0,0
873,3537,1,0,0,0,0,1,0.0,0.0,0,0,0,0
583,24,1,0,0,0,1,0,0.0,0,0.0,0,0,0
33,116,1,0.00228,0.01980198019801980198019801980,1,0,0,0.00228,0.0,0.0,0.01980198019801980198019801980,0,0
800,4330,1,0,0,1,0,0,0,0.0,0.0,0,0,0
506,1038,3,0.0114,0.07407407407407407407407407407,3,0,0,0.0114,0.0,0.0,0.07407407407407407407407407407,0,0
1038,3522,1,0,0,1,0,0,0,0.0,0.0,0,0,0
506,4083,1,0,0,1,0,0,0,0.0,0.0,0,0,0
862,2239,2,0,0,1,1,0,0,0,0.0,0,0,0
506,27525,1,0,0,1,0,0,0,0.0,0.0,0,0,0
252,6890,1,0,0,0,1,0,0.0,0,0.0,0,0,0
1082,1160,1,0,0,0,1,0,0.0,0,0.0,0,0,0
6195,4172,1,0,0,1,0,0,0,0.0,0.0,0,0,0
379,2804,1,0,0,1,0,0,0,0.0,0.0,0,0,0
1158,2968,1,0,0,1,0,0,0,0.0,0.0,0,0,0
512,1071,1,0,0,1,0,0,0,0.0,0.0,0,0,0
458,4553,1,0,0,1,0,0,0,0.0,0.0,0,0,0
1162,7042,1,0,0,1,0,0,0,0.0,0.0,0,0,0
512,2759,1,0,0,1,0,0,0,0.0,0.0,0,0,0
5,1387,1,0,0,0,0,1,0.0,0.0,0,0,0,0
1071,1035,1,0,0,1,0,0,0,0.0,0.0,0,0,0
46,607,1,0,0,1,0,0,0,0.0,0.0,0,0,0
2464,1108,1,0,0,1,0,0,0,0.0,0.0,0,0,0
5,6195,1,0,0,1,0,0,0,0.0,0.0,0,0,0
1390,4554,1,0,0,1,0,0,0,0.0,0.0,0,0,0
80,86,1,0.00068,0.01569713758079409048938134811,1,0,0,0.00068,0.0,0.0,0.01569713758079409048938134811,0,0
358,1237,1,0,0,0,1,0,0.0,0,0.0,0,0,0
1020,988,1,0,0,1,0,0,0,0.0,0.0,0,0,0
13,5648,1,0,0,1,0,0,0,0.0,0.0,0,0,0
12,1005,1,0,0,0,0,1,0.0,0.0,0,0,0,0
1408,3512,1,0,0,1,0,0,0,0.0,0.0,0,0,0
29,1042,1,0,0,1,0,0,0,0.0,0.0,0,0,0
1020,29,1,0,0,0,0,1,0.0,0.0,0,0,0,0
1084,16795,1,0,0,0,0,1,0.0,0.0,0,0,0,0
150,2687,1,0,0,0,0,1,0.0,0.0,0,0,0,0
131,36,2,0.00456,0.1066666666666666666666666667,0,1,1,0.0,0.00456,0,0,0.1066666666666666666666666667,0
9265,39,1,0,0,1,0,0,0,0.0,0.0,0,0,0
337,3029,1,0,0,1,0,0,0,0.0,0.0,0,0,0
4333,1627,1,0,0,0,1,0,0.0,0,0.0,0,0,0
405,986,1,0,0,1,0,0,0,0.0,0.0,0,0,0
46,2331,2,0,0,2,0,0,0,0.0,0.0,0,0,0
12,749,1,0,0,1,0,0,0,0.0,0.0,0,0,0
985,990,2,0,0,2,0,0,0,0.0,0.0,0,0,0
289,2963,1,0,0,1,0,0,0,0.0,0.0,0,0,0
252,5163,1,0,0,1,0,0,0,0.0,0.0,0,0,0
417,6593,1,0,0,0,1,0,0.0,0,0.0,0,0,0
416,332,1,0,0,1,0,0,0,0.0,0.0,0,0,0
148,1302,2,0,0,2,0,0,0,0.0,0.0,0,0,0
641,349,2,0,0,2,0,0,0,0.0,0.0,0,0,0
940,1532,1,0.00342,0.080,0,1,0,0.0,0.00342,0.0,0,0.080,0
985,601,1,0,0,1,0,0,0,0.0,0.0,0,0,0
337,1127,2,0,0,2,0,0,0,0.0,0.0,0,0,0
289,3831,1,0,0,1,0,0,0,0.0,0.0,0,0,0
749,39818,2,0,0,2,0,0,0,0.0,0.0,0,0,0
244,855,1,0,0,1,0,0,0,0.0,0.0,0,0,0
142,10907,1,0,0,1,0,0,0,0.0,0.0,0,0,0
1020,2180,1,0,0,1,0,0,0,0.0,0.0,0,0,0
1041,1154,1,0,0,1,0,0,0,0.0,0.0,0,0,0
3,35,1,0.00057,0.008547008547008547008547008547,1,0,0,0.00057,0.0,0.0,0.008547008547008547008547008547,0,0
1390,4271,1,0,0,1,0,0,0,0.0,0.0,0,0,0
281,1074,2,0,0,2,0,0,0,0.0,0.0,0,0,0
1010,2553,1,0,0,1,0,0,0,0.0,0.0,0,0,0
1038,332,1,0,0,1,0,0,0,0.0,0.0,0,0,0
5,3037,1,0,0,1,0,0,0,0.0,0.0,0,0,0
2288,86,1,0.00114,0.01315789473684210526315789474,0,0,1,0.0,0.0,0.00114,0,0,0.01315789473684210526315789474
130,4114,1,0,0,1,0,0,0,0.0,0.0,0,0,0
410,1390,1,0,0,0,1,0,0.0,0,0.0,0,0,0
1032,10391,1,0,0,1,0,0,0,0.0,0.0,0,0,0
641,1078,2,0,0,2,0,0,0,0.0,0.0,0,0,0
631,399,1,0,0,1,0,0,0,0.0,0.0,0,0,0
862,4271,1,0,0,1,0,0,0,0.0,0.0,0,0,0
1095,40,1,0,0,1,0,0,0,0.0,0.0,0,0,0
46,4750,1,0,0,1,0,0,0,0.0,0.0,0,0,0
985,3057,1,0,0,0,0,1,0.0,0.0,0,0,0,0
148,1123,1,0,0,1,0,0,0,0.0,0.0,0,0,0
3008,903,1,0,0,1,0,0,0,0.0,0.0,0,0,0
458,4171,1,0,0,1,0,0,0,0.0,0.0,0,0,0
31,1252,1,0,0,1,0,0,0,0.0,0.0,0,0,0
46,3522,3,0,0,3,0,0,0,0.0,0.0,0,0,0
862,2919,2,0,0,2,0,0,0,0.0,0.0,0,0,0
29,1112,1,0,0,1,0,0,0,0.0,0.0,0,0,0
410,28536,1,0,0,1,0,0,0,0.0,0.0,0,0,0
416,800,1,0,0,0,0,1,0.0,0.0,0,0,0,0
984,358,1,0,0,1,0,0,0,0.0,0.0,0,0,0
58,897,1,0,0,1,0,0,0,0.0,0.0,0,0,0
415,595,1,0,0,1,0,0,0,0.0,0.0,0,0,0
985,355,1,0,0,1,0,0,0,0.0,0.0,0,0,0
1082,29228,2,0,0,2,0,0,0,0.0,0.0,0,0,0
408,1386,1,0,0,0,1,0,0.0,0,0.0,0,0,0
355,1088,1,0,0,0,1,0,0.0,0,0.0,0,0,0
416,1429,1,0,0,1,0,0,0,0.0,0.0,0,0,0
931,991,1,0,0,1,0,0,0,0.0,0.0,0,0,0
252,22045,2,0,0,0,2,0,0.0,0,0.0,0,0,0
13,683,1,0,0,0,1,0,0.0,0,0.0,0,0,0
347,7042,1,0,0,0,0,1,0.0,0.0,0,0,0,0
148,6699,1,0,0,1,0,0,0,0.0,0.0,0,0,0
1627,288,1,0.00088,0.01837928153717627401837928154,0,1,0,0.0,0.00088,0.0,0,0.01837928153717627401837928154,0
985,2454,2,0,0,2,0,0,0,0.0,0.0,0,0,0
1390,26722,1,0,0,1,0,0,0,0.0,0.0,0,0,0
5228,989,1,0,0,1,0,0,0,0.0,0.0,0,0,0
82,86,1,0.00171,0.01835551738943752683555173894,1,0,0,0.00171,0.0,0.0,0.01835551738943752683555173894,0,0
5,1307,1,0,0,0,1,0,0.0,0,0.0,0,0,0
621,714,1,0,0,0,0,1,0.0,0.0,0,0,0,0
130,22203,1,0,0,1,0,0,0,0.0,0.0,0,0,0
5,416,2,0.00342,0.06837265093962415033986405438,0,1,1,0.0,0.00342,0,0,0.06837265093962415033986405438,0
618,3524,1,0,0,0,1,0,0.0,0,0.0,0,0,0
506,3522,2,0.00165,0.01433038040646169880145909328,2,0,0,0.00165,0.0,0.0,0.01433038040646169880145909328,0,0
16795,2687,1,0,0,1,0,0,0,0.0,0.0,0,0,0
800,22302,1,0,0,1,0,0,0,0.0,0.0,0,0,0
130,408,2,0,0,2,0,0,0,0.0,0.0,0,0,0
1,10,1,0,0,0,0,1,0.0,0.0,0,0,0,0
289,466,1,0,0,1,0,0,0,0.0,0.0,0,0,0
367,2497,1,0,0,1,0,0,0,0.0,0.0,0,0,0
405,3539,1,0,0,1,0,0,0,0.0,0.0,0,0,0
762,1027,1,0,0,1,0,0,0,0.0,0.0,0,0,0
5,430,1,0,0,0,0,1,0.0,0.0,0,0,0,0
6195,1025,1,0,0,1,0,0,0,0.0,0.0,0,0,0
1038,11483,1,0,0,1,0,0,0,0.0,0.0,0,0,0
631,2420,1,0,0,1,0,0,0,0.0,0.0,0,0,0
281,2413,2,0,0,2,0,0,0,0.0,0.0,0,0,0
289,1220,1,0,0,1,0,0,0,0.0,0.0,0,0,0
5,12,1,0,0,0,1,0,0.0,0,0.0,0,0,0
18,254,1,0.00023,0.003448792922477133003448792922,1,0,0,0.00023,0.0,0.0,0.003448792922477133003448792922,0,0
506,22274,1,0,0,1,0,0,0,0.0,0.0,0,0,0
130,5862,2,0,0,1,0,1,0,0.0,0,0,0,0
641,1089,2,0,0,2,0,0,0,0.0,0.0,0,0,0
31,114,1,0.0114,0.07407407407407407407407407407,0,1,0,0.0,0.0114,0.0,0,0.07407407407407407407407407407,0
416,1025,1,0,0,1,0,0,0,0.0,0.0,0,0,0
472,13243,1,0,0,1,0,0,0,0.0,0.0,0,0,0
336,3709,1,0,0,0,1,0,0.0,0,0.0,0,0,0
31,370,1,0,0,1,0,0,0,0.0,0.0,0,0,0
405,1198,1,0,0,1,0,0,0,0.0,0.0,0,0,0
148,1219,1,0,0,1,0,0,0,0.0,0.0,0,0,0
862,4102,1,0,0,1,0,0,0,0.0,0.0,0,0,0
641,603,1,0,0,1,0,0,0,0.0,0.0,0,0,0
130,2921,1,0,0,1,0,0,0,0.0,0.0,0,0,0
1010,897,1,0,0,0,0,1,0.0,0.0,0,0,0,0
398,4106,1,0,0,1,0,0,0,0.0,0.0,0,0,0
989,1219,1,0,0,1,0,0,0,0.0,0.0,0,0,0
641,1042,1,0,0,1,0,0,0,0.0,0.0,0,0,0
336,2722,1,0,0,0,0,1,0.0,0.0,0,0,0,0
1387,1429,1,0.00029,0.006694367497691597414589104340,0,1,0,0.0,0.00029,0.0,0,0.006694367497691597414589104340,0
13,1084,2,0,0,2,0,0,0,0.0,0.0,0,0,0
618,3166,1,0,0,1,0,0,0,0.0,0.0,0,0,0
3,24,1,0.00171,0.03571428571428571428571428571,0,1,0,0.0,0.00171,0.0,0,0.03571428571428571428571428571,0
1038,8738,1,0,0,1,0,0,0,0.0,0.0,0,0,0
31,358,1,0,0,1,0,0,0,0.0,0.0,0,0,0
1025,9690,1,0,0,1,0,0,0,0.0,0.0,0,0,0
337,1028,1,0,0,1,0,0,0,0.0,0.0,0,0,0
985,2964,1,0,0,1,0,0,0,0.0,0.0,0,0,0
931,1194,1,0,0,1,0,0,0,0.0,0.0,0,0,0
366,3368,2,0,0,1,1,0,0,0,0.0,0,0,0
762,370,1,0,0,1,0,0,0,0.0,0.0,0,0,0
1032,543,1,0,0,0,1,0,0.0,0,0.0,0,0,0
13,3709,1,0,0,0,1,0,0.0,0,0.0,0,0,0
458,1210,1,0.00456,0.04255319148936170212765957447,0,1,0,0.0,0.00456,0.0,0,0.04255319148936170212765957447,0
862,24898,1,0,0,1,0,0,0,0.0,0.0,0,0,0
862,839,1,0,0,1,0,0,0,0.0,0.0,0,0,0
148,22552,1,0,0,1,0,0,0,0.0,0.0,0,0,0
989,2805,1,0,0,1,0,0,0,0.0,0.0,0,0,0
1123,986,1,0,0,1,0,0,0,0.0,0.0,0,0,0
244,3524,1,0,0,1,0,0,0,0.0,0.0,0,0,0
985,687,1,0,0,1,0,0,0,0.0,0.0,0,0,0
29,350,1,0,0,0,0,1,0.0,0.0,0,0,0,0
1005,5585,1,0,0,1,0,0,0,0.0,0.0,0,0,0
337,984,1,0.0125,0.2610693400167084377610693400,0,1,0,0.0,0.0125,0.0,0,0.2610693400167084377610693400,0
1071,3054,1,0,0,1,0,0,0,0.0,0.0,0,0,0
1071,2454,2,0,0,0,0,2,0.0,0.0,0,0,0,0
506,504,1,0,0,1,0,0,0,0.0,0.0,0,0,0
294,16795,1,0,0,1,0,0,0,0.0,0.0,0,0,0
1390,4103,1,0,0,1,0,0,0,0.0,0.0,0,0,0
11,1031,1,0,0,1,0,0,0,0.0,0.0,0,0,0
15,91,1,0,0,1,0,0,0,0.0,0.0,0,0,0
62,148,1,0.00456,0.1038961038961038961038961039,0,0,1,0.0,0.0,0.00456,0,0,0.1038961038961038961038961039
417,2580,1,0,0,1,0,0,0,0.0,0.0,0,0,0
11,1003,1,0,0,1,0,0,0,0.0,0.0,0,0,0
1038,162,1,0,0,0,1,0,0.0,0,0.0,0,0,0
862,1390,1,0,0,1,0,0,0,0.0,0.0,0,0,0
458,18950,1,0,0,1,0,0,0,0.0,0.0,0,0,0
273,5228,1,0,0,1,0,0,0,0.0,0.0,0,0,0
1420,1095,1,0,0,0,1,0,0.0,0,0.0,0,0,0
1038,31,1,0,0,1,0,0,0,0.0,0.0,0,0,0
1132,349,1,0,0,1,0,0,0,0.0,0.0,0,0,0
12,408,2,0,0,2,0,0,0,0.0,0.0,0,0,0
148,990,1,0,0,1,0,0,0,0.0,0.0,0,0,0
6195,430,2,0.00855,0.09868421052631578947368421053,1,0,1,0.00855,0.0,0,0.09868421052631578947368421053,0,0
410,172,1,0,0,1,0,0,0,0.0,0.0,0,0,0
5,1390,2,0.00011,0.002539242843951985226223453370,1,0,1,0,0.0,0.00011,0,0,0.002539242843951985226223453370
252,5,1,0,0,0,1,0,0.0,0,0.0,0,0,0
1627,2722,1,0.00114,0.01063829787234042553191489362,1,0,0,0.00114,0.0,0.0,0.01063829787234042553191489362,0,0
281,1112,1,0,0,1,0,0,0,0.0,0.0,0,0,0
399,899,1,0,0,1,0,0,0,0.0,0.0,0,0,0
46,1307,1,0,0,1,0,0,0,0.0,0.0,0,0,0
458,1038,1,0,0,0,1,0,0.0,0,0.0,0,0,0
273,126,1,0,0,1,0,0,0,0.0,0.0,0,0,0
142,3239,1,0,0,1,0,0,0,0.0,0.0,0,0,0
148,11143,1,0,0,1,0,0,0,0.0,0.0,0,0,0
458,430,1,0.0057,0.1190476190476190476190476190,0,1,0,0.0,0.0057,0.0,0,0.1190476190476190476190476190,0
1038,2331,1,0,0,1,0,0,0,0.0,0.0,0,0,0
44,81,2,0,0,2,0,0,0,0.0,0.0,0,0,0
42,4795,1,0.00103,0.006692657569850552306692657570,0,0,1,0.0,0.0,0.00103,0,0,0.006692657569850552306692657570
1386,6195,1,0,0,0,1,0,0.0,0,0.0,0,0,0
873,7047,1,0,0,1,0,0,0,0.0,0.0,0,0,0
273,1237,1,0,0,1,0,0,0,0.0,0.0,0,0,0
3709,940,1,0,0,0,1,0,0.0,0,0.0,0,0,0
1532,3368,1,0.00171,0.03571428571428571428571428571,1,0,0,0.00171,0.0,0.0,0.03571428571428571428571428571,0,0
506,4106,1,0,0,1,0,0,0,0.0,0.0,0,0,0
40,750,1,0,0,0,1,0,0.0,0,0.0,0,0,0
512,22,1,0,0,1,0,0,0,0.0,0.0,0,0,0
430,22275,1,0,0,1,0,0,0,0.0,0.0,0,0,0
506,24575,1,0,0,1,0,0,0,0.0,0.0,0,0,0
1390,1105,1,0,0,0,1,0,0.0,0,0.0,0,0,0
855,21688,1,0,0,1,0,0,0,0.0,0.0,0,0,0
762,371,2,0.00986,0.1555651950388792494055651950,2,0,0,0.00986,0.0,0.0,0.1555651950388792494055651950,0,0
873,405,1,0,0,0,0,1,0.0,0.0,0,0,0,0
1390,3037,1,0,0,1,0,0,0,0.0,0.0,0,0,0
410,62,1,0,0,1,0,0,0,0.0,0.0,0,0,0
800,3037,2,0,0,2,0,0,0,0.0,0.0,0,0,0
180,2796,1,0,0,1,0,0,0,0.0,0.0,0,0,0
252,4114,1,0,0,1,0,0,0,0.0,0.0,0,0,0
800,1415,1,0,0,0,1,0,0.0,0,0.0,0,0,0
1627,4550,1,0,0,1,0,0,0,0.0,0.0,0,0,0
800,4324,1,0,0,1,0,0,0,0.0,0.0,0,0,0
148,1042,1,0,0,1,0,0,0,0.0,0.0,0,0,0
164,22,1,0,0,1,0,0,0,0.0,0.0,0,0,0
1084,3709,1,0,0,0,1,0,0.0,0,0.0,0,0,0
985,1039,1,0,0,1,0,0,0,0.0,0.0,0,0,0
290,3524,1,0,0,1,0,0,0,0.0,0.0,0,0,0
1038,1210,2,0,0,2,0,0,0,0.0,0.0,0,0,0
42,1100,1,0,0,0,1,0,0.0,0,0.0,0,0,0
172,2867,1,0,0,0,1,0,0.0,0,0.0,0,0,0
130,6195,1,0,0,1,0,0,0,0.0,0.0,0,0,0
281,6399,1,0,0,1,0,0,0,0.0,0.0,0,0,0
940,1049,1,0,0,0,1,0,0.0,0,0.0,0,0,0
358,3688,3,0,0,3,0,0,0,0.0,0.0,0,0,0
985,1010,2,0,0,1,1,0,0,0,0.0,0,0,0
273,162,1,0,0,1,0,0,0,0.0,0.0,0,0,0
355,1078,1,0,0,1,0,0,0,0.0,0.0,0,0,0
1049,7971,1,0,0,1,0,0,0,0.0,0.0,0,0,0
410,1010,2,0,0,0,1,1,0.0,0,0,0,0,0
987,985,1,0,0,0,0,1,0.0,0.0,0,0,0,0
11,1035,1,0,0,1,0,0,0,0.0,0.0,0,0,0
130,4324,1,0,0,1,0,0,0,0.0,0.0,0,0,0
984,2455,1,0,0,1,0,0,0,0.0,0.0,0,0,0
180,31,1,0,0,0,0,1,0.0,0.0,0,0,0,0
862,1385,1,0,0,1,0,0,0,0.0,0.0,0,0,0
862,1104,1,0,0,1,0,0,0,0.0,0.0,0,0,0
2722,8373,1,0,0,1,0,0,0,0.0,0.0,0,0,0
533,4000,1,0,0,1,0,0,0,0.0,0.0,0,0,0
12605,2867,1,0,0,0,0,1,0.0,0.0,0,0,0,0
130,22283,1,0,0,1,0,0,0,0.0,0.0,0,0,0
410,365,1,0,0,0,1,0,0.0,0,0.0,0,0,0
1123,2814,1,0,0,0,1,0,0.0,0,0.0,0,0,0
31,1110,1,0,0,1,0,0,0,0.0,0.0,0,0,0
2722,22294,1,0,0,1,0,0,0,0.0,0.0,0,0,0
398,46,1,0.00285,0.05952380952380952380952380952,0,1,0,0.0,0.00285,0.0,0,0.05952380952380952380952380952,0
667,1290,1,0,0,0,1,0,0.0,0,0.0,0,0,0
984,2793,1,0,0,1,0,0,0,0.0,0.0,0,0,0
458,862,1,0,0,1,0,0,0,0.0,0.0,0,0,0
33,41,1,0.00114,0.01666666666666666666666666667,1,0,0,0.00114,0.0,0.0,0.01666666666666666666666666667,0,0
289,543,1,0,0,0,0,1,0.0,0.0,0,0,0,0
1429,8970,1,0,0,1,0,0,0,0.0,0.0,0,0,0
164,1302,1,0,0,1,0,0,0,0.0,0.0,0,0,0
416,8077,1,0,0,1,0,0,0,0.0,0.0,0,0,0
631,11300,1,0,0,1,0,0,0,0.0,0.0,0,0,0
130,4254,1,0,0,1,0,0,0,0.0,0.0,0,0,0
1075,368,1,0,0,0,0,1,0.0,0.0,0,0,0,0
416,1386,1,0,0,1,0,0,0,0.0,0.0,0,0,0
631,499,2,0,0,1,0,1,0,0.0,0,0,0,0
148,1027,1,0,0,1,0,0,0,0.0,0.0,0,0,0
337,2963,1,0,0,1,0,0,0,0.0,0.0,0,0,0
506,839,3,0.00114,0.004504504504504504504504504505,1,2,0,0.00114,0,0.0,0.004504504504504504504504504505,0,0
862,4333,1,0,0,1,0,0,0,0.0,0.0,0,0,0
1387,3522,1,0,0,1,0,0,0,0.0,0.0,0,0,0
148,289,1,0,0,1,0,0,0,0.0,0.0,0,0,0
855,3525,1,0,0,1,0,0,0,0.0,0.0,0,0,0
512,2455,1,0,0,1,0,0,0,0.0,0.0,0,0,0
1306,416,1,0,0,1,0,0,0,0.0,0.0,0,0,0
398,4331,1,0,0,1,0,0,0,0.0,0.0,0,0,0
31,1074,3,0,0,3,0,0,0,0.0,0.0,0,0,0
29,1098,2,0,0,2,0,0,0,0.0,0.0,0,0,0
244,2972,1,0,0,1,0,0,0,0.0,0.0,0,0,0
252,1210,1,0,0,1,0,0,0,0.0,0.0,0,0,0
1010,801,1,0,0,1,0,0,0,0.0,0.0,0,0,0
631,1321,1,0,0,1,0,0,0,0.0,0.0,0,0,0
931,4074,2,0,0,1,1,0,0,0,0.0,0,0,0
681,2867,1,0.00399,0.08139534883720930232558139535,1,0,0,0.00399,0.0,0.0,0.08139534883720930232558139535,0,0
410,17194,2,0,0,2,0,0,0,0.0,0.0,0,0,0
862,44699,1,0,0,1,0,0,0,0.0,0.0,0,0,0
1025,10155,1,0,0,1,0,0,0,0.0,0.0,0,0,0
148,3825,1,0,0,1,0,0,0,0.0,0.0,0,0,0
1003,703,1,0,0,0,1,0,0.0,0,0.0,0,0,0
1387,4554,1,0,0,1,0,0,0,0.0,0.0,0,0,0
130,22045,1,0,0,1,0,0,0,0.0,0.0,0,0,0
6195,4718,1,0,0,1,0,0,0,0.0,0.0,0,0,0
355,1027,2,0,0,0,1,1,0.0,0,0,0,0,0
46,1103,1,0,0,1,0,0,0,0.0,0.0,0,0,0
46,1390,1,0,0,0,1,0,0.0,0,0.0,0,0,0
289,1089,1,0,0,1,0,0,0,0.0,0.0,0,0,0
506,5862,1,0,0,1,0,0,0,0.0,0.0,0,0,0
985,3008,1,0,0,1,0,0,0,0.0,0.0,0,0,0
738,618,1,0,0,1,0,0,0,0.0,0.0,0,0,0
826,347,1,0,0,1,0,0,0,0.0,0.0,0,0,0
9353,1429,1,0.00114,0.01709401709401709401709401709,0,0,1,0.0,0.0,0.00114,0,0,0.01709401709401709401709401709
336,1071,1,0,0,0,1,0,0.0,0,0.0,0,0,0
631,2805,1,0,0,1,0,0,0,0.0,0.0,0,0,0
458,6574,1,0,0,1,0,0,0,0.0,0.0,0,0,0
410,332,1,0,0,1,0,0,0,0.0,0.0,0,0,0
130,4083,2,0,0,1,0,1,0,0.0,0,0,0,0
855,1095,1,0,0,0,0,1,0.0,0.0,0,0,0,0
46,252,1,0,0,1,0,0,0,0.0,0.0,0,0,0
13,976,1,0,0,1,0,0,0,0.0,0.0,0,0,0
1104,4254,1,0,0,1,0,0,0,0.0,0.0,0,0,0
46,6692,2,0,0,2,0,0,0,0.0,0.0,0,0,0
405,1027,1,0,0,1,0,0,0,0.0,0.0,0,0,0
1533,366,1,0,0,0,0,1,0.0,0.0,0,0,0,0
46,1047,2,0,0,2,0,0,0,0.0,0.0,0,0,0
148,2805,1,0,0,1,0,0,0,0.0,0.0,0,0,0
1162,1377,1,0,0,1,0,0,0,0.0,0.0,0,0,0
533,81,1,0,0,1,0,0,0,0.0,0.0,0,0,0
931,288,1,0,0,0,0,1,0.0,0.0,0,0,0,0
506,2921,2,0,0,2,0,0,0,0.0,0.0,0,0,0
1041,1158,1,0,0,1,0,0,0,0.0,0.0,0,0,0
543,2262,1,0,0,1,0,0,0,0.0,0.0,0,0,0
1071,2962,1,0,0,1,0,0,0,0.0,0.0,0,0,0
1071,2577,1,0,0,1,0,0,0,0.0,0.0,0,0,0
506,36745,1,0,0,0,1,0,0.0,0,0.0,0,0,0
1123,2454,1,0,0,1,0,0,0,0.0,0.0,0,0,0
506,1104,1,0,0,1,0,0,0,0.0,0.0,0,0,0
379,180,1,0,0,0,0,1,0.0,0.0,0,0,0,0
39,1110,1,0,0,0,1,0,0.0,0,0.0,0,0,0
714,1533,1,0,0,1,0,0,0,0.0,0.0,0,0,0
5,4031,1,0,0,0,1,0,0.0,0,0.0,0,0,0
512,2413,1,0,0,1,0,0,0,0.0,0.0,0,0,0
398,4255,1,0,0,1,0,0,0,0.0,0.0,0,0,0
124,82,1,0,0,1,0,0,0,0.0,0.0,0,0,0
150,134,1,0,0,1,0,0,0,0.0,0.0,0,0,0
749,29251,1,0,0,1,0,0,0,0.0,0.0,0,0,0
583,331,1,0,0,0,0,1,0.0,0.0,0,0,0,0
164,350,1,0,0,1,0,0,0,0.0,0.0,0,0,0
931,1003,1,0,0,1,0,0,0,0.0,0.0,0,0,0
506,520,1,0,0,1,0,0,0,0.0,0.0,0,0,0
148,2796,1,0,0,1,0,0,0,0.0,0.0,0,0,0
3709,367,1,0,0,0,0,1,0.0,0.0,0,0,0,0
989,1020,1,0,0,1,0,0,0,0.0,0.0,0,0,0
1005,1210,1,0,0,0,1,0,0.0,0,0.0,0,0,0
583,826,1,0,0,1,0,0,0,0.0,0.0,0,0,0
1627,4333,1,0,0,0,1,0,0.0,0,0.0,0,0,0
410,12682,1,0,0,1,0,0,0,0.0,0.0,0,0,0
995,1164,1,0,0,0,0,1,0.0,0.0,0,0,0,0
2969,11273,1,0,0,1,0,0,0,0.0,0.0,0,0,0
681,237,1,0,0,0,1,0,0.0,0,0.0,0,0,0
337,990,1,0,0,0,0,1,0.0,0.0,0,0,0,0
1020,972,2,0,0,2,0,0,0,0.0,0.0,0,0,0
5,1038,1,0,0,0,0,1,0.0,0.0,0,0,0,0
995,5773,1,0,0,1,0,0,0,0.0,0.0,0,0,0
1025,1387,1,0,0,0,1,0,0.0,0,0.0,0,0,0
940,131,1,0.0057,0.1315789473684210526315789474,0,0,1,0.0,0.0,0.0057,0,0,0.1315789473684210526315789474
180,1110,1,0,0,1,0,0,0,0.0,0.0,0,0,0
762,58,1,0,0,0,1,0,0.0,0,0.0,0,0,0
130,430,1,0,0,0,1,0,0.0,0,0.0,0,0,0
931,1123,1,0,0,0,0,1,0.0,0.0,0,0,0,0
398,4333,1,0,0,1,0,0,0,0.0,0.0,0,0,0
430,2251,1,0,0,0,1,0,0.0,0,0.0,0,0,0
410,5543,1,0,0,1,0,0,0,0.0,0.0,0,0,0
800,4102,2,0,0,2,0,0,0,0.0,0.0,0,0,0
337,703,1,0,0,1,0,0,0,0.0,0.0,0,0,0
148,3258,1,0,0,1,0,0,0,0.0,0.0,0,0,0
984,3054,1,0,0,1,0,0,0,0.0,0.0,0,0,0
15,4529,1,0,0,1,0,0,0,0.0,0.0,0,0,0
985,972,1,0,0,1,0,0,0,0.0,0.0,0,0,0
252,332,2,0,0,2,0,0,0,0.0,0.0,0,0,0
800,1408,1,0,0,1,0,0,0,0.0,0.0,0,0,0
1082,8178,1,0,0,1,0,0,0,0.0,0.0,0,0,0
984,11179,1,0,0,1,0,0,0,0.0,0.0,0,0,0
12,22231,1,0,0,1,0,0,0,0.0,0.0,0,0,0
897,331,1,0,0,0,1,0,0.0,0,0.0,0,0,0
273,1175,1,0,0,0,1,0,0.0,0,0.0,0,0,0
398,209,1,0.00542,0.08127155495576548208127155496,0,1,0,0.0,0.00542,0.0,0,0.08127155495576548208127155496,0
1110,3054,1,0,0,1,0,0,0,0.0,0.0,0,0,0
148,399,1,0,0,1,0,0,0,0.0,0.0,0,0,0
4102,31267,1,0,0,1,0,0,0,0.0,0.0,0,0,0
1071,1003,1,0,0,0,1,0,0.0,0,0.0,0,0,0
289,1098,2,0,0,2,0,0,0,0.0,0.0,0,0,0
3008,1078,1,0,0,1,0,0,0,0.0,0.0,0,0,0
1533,26132,1,0,0,1,0,0,0,0.0,0.0,0,0,0
46,2919,1,0,0,1,0,0,0,0.0,0.0,0,0,0
5,22185,1,0,0,1,0,0,0,0.0,0.0,0,0,0
1386,506,1,0,0,0,1,0,0.0,0,0.0,0,0,0
512,1112,1,0,0,1,0,0,0,0.0,0.0,0,0,0
18,625,1,0.00456,0.09523809523809523809523809524,0,1,0,0.0,0.00456,0.0,0,0.09523809523809523809523809524,0
180,367,1,0,0,1,0,0,0,0.0,0.0,0,0,0
430,130,1,0,0,0,1,0,0.0,0,0.0,0,0,0
398,7136,1,0,0,1,0,0,0,0.0,0.0,0,0,0
1025,1429,1,0,0,0,0,1,0.0,0.0,0,0,0,0
337,1098,1,0,0,1,0,0,0,0.0,0.0,0,0,0
506,7198,1,0,0,1,0,0,0,0.0,0.0,0,0,0
800,4103,1,0,0,1,0,0,0,0.0,0.0,0,0,0
12,22302,1,0,0,1,0,0,0,0.0,0.0,0,0,0
337,873,1,0,0,0,0,1,0.0,0.0,0,0,0,0
416,26789,1,0,0,1,0,0,0,0.0,0.0,0,0,0
301,4083,1,0.00285,0.02380952380952380952380952381,1,0,0,0.00285,0.0,0.0,0.02380952380952380952380952381,0,0
6195,19132,2,0,0,2,0,0,0,0.0,0.0,0,0,0
631,1010,1,0,0,1,0,0,0,0.0,0.0,0,0,0
6195,10561,1,0,0,1,0,0,0,0.0,0.0,0,0,0
2921,1408,1,0,0,1,0,0,0,0.0,0.0,0,0,0
1032,2796,1,0,0,1,0,0,0,0.0,0.0,0,0,0
1049,1184,1,0,0,1,0,0,0,0.0,0.0,0,0,0
855,618,1,0,0,0,1,0,0.0,0,0.0,0,0,0
130,10643,1,0,0,1,0,0,0,0.0,0.0,0,0,0
398,1104,1,0,0,1,0,0,0,0.0,0.0,0,0,0
276,4331,1,0,0,0,1,0,0.0,0,0.0,0,0,0
1123,972,1,0,0,1,0,0,0,0.0,0.0,0,0,0
398,22534,1,0,0,1,0,0,0,0.0,0.0,0,0,0
430,2331,1,0,0,1,0,0,0,0.0,0.0,0,0,0
252,607,1,0,0,1,0,0,0,0.0,0.0,0,0,0
543,2454,1,0,0,0,1,0,0.0,0,0.0,0,0,0
418,3302,1,0,0,0,1,0,0.0,0,0.0,0,0,0
1038,27568,1,0,0,1,0,0,0,0.0,0.0,0,0,0
162,273,2,0,0,2,0,0,0,0.0,0.0,0,0,0
862,5587,1,0,0,1,0,0,0,0.0,0.0,0,0,0
355,2805,1,0,0,1,0,0,0,0.0,0.0,0,0,0
985,448,1,0,0,1,0,0,0,0.0,0.0,0,0,0
641,3456,1,0,0,1,0,0,0,0.0,0.0,0,0,0
5,4326,1,0,0,1,0,0,0,0.0,0.0,0,0,0
130,14888,1,0,0,1,0,0,0,0.0,0.0,0,0,0
13,1096,1,0,0,0,1,0,0.0,0,0.0,0,0,0
368,3302,2,0,0,1,1,0,0,0,0.0,0,0,0
506,32130,1,0,0,1,0,0,0,0.0,0.0,0,0,0
29,2454,1,0,0,1,0,0,0,0.0,0.0,0,0,0
29,3536,1,0,0,1,0,0,0,0.0,0.0,0,0,0
1003,281,1,0,0,0,0,1,0.0,0.0,0,0,0,0
6195,749,1,0,0,1,0,0,0,0.0,0.0,0,0,0
337,3613,1,0,0,1,0,0,0,0.0,0.0,0,0,0
506,683,1,0.00114,0.009523809523809523809523809524,1,0,0,0.00114,0.0,0.0,0.009523809523809523809523809524,0,0
800,5587,1,0,0,1,0,0,0,0.0,0.0,0,0,0
2063,458,1,0,0,1,0,0,0,0.0,0.0,0,0,0
855,2257,1,0,0,1,0,0,0,0.0,0.0,0,0,0
506,1388,1,0,0,1,0,0,0,0.0,0.0,0,0,0
3008,603,1,0,0,0,0,1,0.0,0.0,0,0,0,0
708,379,1,0,0,1,0,0,0,0.0,0.0,0,0,0
332,7170,1,0,0,1,0,0,0,0.0,0.0,0,0,0
458,416,2,0,0,0,1,1,0.0,0,0,0,0,0
1123,466,1,0,0,1,0,0,0,0.0,0.0,0,0,0
31,23088,1,0,0,1,0,0,0,0.0,0.0,0,0,0
164,1088,3,0,0,3,0,0,0,0.0,0.0,0,0,0
358,1302,1,0,0,1,0,0,0,0.0,0.0,0,0,0
29,3613,2,0,0,2,0,0,0,0.0,0.0,0,0,0
281,603,1,0,0,1,0,0,0,0.0,0.0,0,0,0
985,466,2,0,0,2,0,0,0,0.0,0.0,0,0,0
940,1533,1,0.00342,0.03870967741935483870967741935,1,0,0,0.00342,0.0,0.0,0.03870967741935483870967741935,0,0
281,399,1,0,0,0,1,0,0.0,0,0.0,0,0,0
873,8981,1,0,0,1,0,0,0,0.0,0.0,0,0,0
405,12335,1,0,0,1,0,0,0,0.0,0.0,0,0,0
1005,1387,1,0,0,0,1,0,0.0,0,0.0,0,0,0
1387,4330,1,0,0,1,0,0,0,0.0,0.0,0,0,0
405,1045,1,0,0,1,0,0,0,0.0,0.0,0,0,0
13,979,1,0,0,1,0,0,0,0.0,0.0,0,0,0
800,24898,1,0,0,1,0,0,0,0.0,0.0,0,0,0
1110,1045,1,0,0,1,0,0,0,0.0,0.0,0,0,0
379,990,1,0,0,1,0,0,0,0.0,0.0,0,0,0
130,1386,1,0,0,1,0,0,0,0.0,0.0,0,0,0
367,606,1,0,0,1,0,0,0,0.0,0.0,0,0,0
405,9463,1,0,0,1,0,0,0,0.0,0.0,0,0,0
29,677,1,0,0,0,1,0,0.0,0,0.0,0,0,0
48967,130,1,0,0,1,0,0,0,0.0,0.0,0,0,0
379,1060,1,0,0,0,0,1,0.0,0.0,0,0,0,0
148,2262,1,0,0,1,0,0,0,0.0,0.0,0,0,0
366,1532,1,0,0,1,0,0,0,0.0,0.0,0,0,0
1386,697,1,0,0,1,0,0,0,0.0,0.0,0,0,0
281,416,1,0,0,0,1,0,0.0,0,0.0,0,0,0
720,16795,1,0.00456,0.05263157894736842105263157895,0,1,0,0.0,0.00456,0.0,0,0.05263157894736842105263157895,0
1025,4554,1,0,0,1,0,0,0,0.0,0.0,0,0,0
13,189,1,0,0,1,0,0,0,0.0,0.0,0,0,0
281,132,1,0,0,1,0,0,0,0.0,0.0,0,0,0
18075,681,1,0,0,1,0,0,0,0.0,0.0,0,0,0
15,127,1,0,0,1,0,0,0,0.0,0.0,0,0,0
3829,415,1,0,0,1,0,0,0,0.0,0.0,0,0,0
714,148,1,0.0125,0.1044277360066833751044277360,1,0,0,0.0125,0.0,0.0,0.1044277360066833751044277360,0,0
1020,989,1,0,0,1,0,0,0,0.0,0.0,0,0,0
148,1003,1,0,0,1,0,0,0,0.0,0.0,0,0,0
1025,5615,1,0,0,1,0,0,0,0.0,0.0,0,0,0
164,337,1,0,0,0,0,1,0.0,0.0,0,0,0,0
1038,1386,1,0,0,1,0,0,0,0.0,0.0,0,0,0
31,352,1,0,0,1,0,0,0,0.0,0.0,0,0,0
3008,899,1,0,0,1,0,0,0,0.0,0.0,0,0,0
410,6195,3,0,0,1,1,1,0,0,0,0,0,0
641,1194,1,0,0,1,0,0,0,0.0,0.0,0,0,0
931,2805,2,0,0,2,0,0,0,0.0,0.0,0,0,0
164,399,2,0,0,1,1,0,0,0,0.0,0,0,0
1039,3697,1,0,0,1,0,0,0,0.0,0.0,0,0,0
6195,4159,1,0,0,1,0,0,0,0.0,0.0,0,0,0
148,2454,2,0,0,2,0,0,0,0.0,0.0,0,0,0
42,4,1,0,0,1,0,0,0,0.0,0.0,0,0,0
512,350,1,0,0,0,0,1,0.0,0.0,0,0,0,0
331,5358,2,0,0,1,1,0,0,0,0.0,0,0,0
985,603,1,0,0,1,0,0,0,0.0,0.0,0,0,0
4541,1210,1,0,0,1,0,0,0,0.0,0.0,0,0,0
355,1042,1,0,0,1,0,0,0,0.0,0.0,0,0,0
410,1385,1,0,0,0,1,0,0.0,0,0.0,0,0,0
416,1307,1,0,0,1,0,0,0,0.0,0.0,0,0,0
405,1110,1,0,0,1,0,0,0,0.0,0.0,0,0,0
252,1307,1,0,0,1,0,0,0,0.0,0.0,0,0,0
79,12414,1,0,0,1,0,0,0,0.0,0.0,0,0,0
171,8568,1,0,0,0,1,0,0.0,0,0.0,0,0,0
800,22196,1,0,0,1,0,0,0,0.0,0.0,0,0,0
4083,8970,1,0,0,1,0,0,0,0.0,0.0,0,0,0
7468,1244,2,0.00171,0.01428571428571428571428571429,0,0,2,0.0,0.0,0.00171,0,0,0.01428571428571428571428571429
11,1148,1,0,0,1,0,0,0,0.0,0.0,0,0,0
6195,209,1,0,0,1,0,0,0,0.0,0.0,0,0,0
762,1089,1,0,0,1,0,0,0,0.0,0.0,0,0,0
985,899,1,0,0,1,0,0,0,0.0,0.0,0,0,0
6195,2722,1,0,0,1,0,0,0,0.0,0.0,0,0,0
273,494,1,0,0,1,0,0,0,0.0,0.0,0,0,0
197,762,1,0.0228,0.09009009009009009009009009009,0,1,0,0.0,0.0228,0.0,0,0.09009009009009009009009009009,0
1038,9690,1,0,0,1,0,0,0,0.0,0.0,0,0,0
29,990,1,0,0,0,1,0,0.0,0,0.0,0,0,0
10958,862,1,0,0,1,0,0,0,0.0,0.0,0,0,0
1132,1150,1,0,0,0,1,0,0.0,0,0.0,0,0,0
29,873,1,0,0,1,0,0,0,0.0,0.0,0,0,0
11,543,1,0,0,1,0,0,0,0.0,0.0,0,0,0
543,641,1,0,0,0,1,0,0.0,0,0.0,0,0,0
5648,367,1,0,0,1,0,0,0,0.0,0.0,0,0,0
762,1220,1,0,0,1,0,0,0,0.0,0.0,0,0,0
148,2804,1,0,0,1,0,0,0,0.0,0.0,0,0,0
416,4331,1,0,0,1,0,0,0,0.0,0.0,0,0,0
931,677,1,0,0,0,1,0,0.0,0,0.0,0,0,0
29,698,1,0,0,1,0,0,0,0.0,0.0,0,0,0
130,380,2,0,0,1,1,0,0,0,0.0,0,0,0
641,1027,1,0,0,1,0,0,0,0.0,0.0,0,0,0
862,22302,1,0,0,1,0,0,0,0.0,0.0,0,0,0
641,512,1,0,0,0,0,1,0.0,0.0,0,0,0,0
148,1031,3,0,0,3,0,0,0,0.0,0.0,0,0,0
148,3054,1,0,0,1,0,0,0,0.0,0.0,0,0,0
1390,458,1,0,0,1,0,0,0,0.0,0.0,0,0,0
800,54575,1,0,0,1,0,0,0,0.0,0.0,0,0,0
1627,2921,1,0,0,0,1,0,0.0,0,0.0,0,0,0
148,1150,2,0,0,2,0,0,0,0.0,0.0,0,0,0
31,903,1,0,0,0,0,1,0.0,0.0,0,0,0,0
416,1306,1,0,0,0,1,0,0.0,0,0.0,0,0,0
10233,150,1,0.00285,0.02475247524752475247524752475,0,1,0,0.0,0.00285,0.0,0,0.02475247524752475247524752475,0
405,641,1,0,0,0,0,1,0.0,0.0,0,0,0,0
162,3161,1,0,0,1,0,0,0,0.0,0.0,0,0,0
1210,5174,1,0,0,1,0,0,0,0.0,0.0,0,0,0
1159,8705,1,0,0,1,0,0,0,0.0,0.0,0,0,0
46,2655,1,0,0,1,0,0,0,0.0,0.0,0,0,0
873,2794,1,0,0,1,0,0,0,0.0,0.0,0,0,0
1429,9690,1,0,0,1,0,0,0,0.0,0.0,0,0,0
931,9154,1,0,0,1,0,0,0,0.0,0.0,0,0,0
6195,6574,1,0,0,0,0,1,0.0,0.0,0,0,0,0
5358,16486,1,0,0,1,0,0,0,0.0,0.0,0,0,0
3008,971,1,0,0,1,0,0,0,0.0,0.0,0,0,0
1032,698,1,0,0,1,0,0,0,0.0,0.0,0,0,0
506,5587,1,0,0,1,0,0,0,0.0,0.0,0,0,0
984,989,1,0,0,0,1,0,0.0,0,0.0,0,0,0
148,349,1,0,0,1,0,0,0,0.0,0.0,0,0,0
533,167,1,0.00171,0.01111111111111111111111111111,1,0,0,0.00171,0.0,0.0,0.01111111111111111111111111111,0,0
337,3721,1,0,0,1,0,0,0,0.0,0.0,0,0,0
985,1072,1,0,0,1,0,0,0,0.0,0.0,0,0,0
5,749,1,0,0,0,1,0,0.0,0,0.0,0,0,0
252,130,1,0,0,0,1,0,0.0,0,0.0,0,0,0
2687,621,1,0,0,0,0,1,0.0,0.0,0,0,0,0
5,5174,1,0,0,1,0,0,0,0.0,0.0,0,0,0
19,1386,1,0,0,0,1,0,0.0,0,0.0,0,0,0
273,1073,2,0,0,2,0,0,0,0.0,0.0,0,0,0
931,3008,2,0.00274,0.05722639933166248955722639933,0,2,0,0.0,0.00274,0.0,0,0.05722639933166248955722639933,0
458,1388,1,0,0,1,0,0,0,0.0,0.0,0,0,0
985,1085,1,0,0,1,0,0,0,0.0,0.0,0,0,0
1003,1088,1,0,0,0,1,0,0.0,0,0.0,0,0,0
29,466,1,0,0,0,1,0,0.0,0,0.0,0,0,0
631,1028,1,0,0,1,0,0,0,0.0,0.0,0,0,0
60,10,1,0,0,1,0,0,0,0.0,0.0,0,0,0
641,1035,2,0,0,1,0,1,0,0.0,0,0,0,0
1164,1421,1,0,0,1,0,0,0,0.0,0.0,0,0,0
985,1220,1,0,0,1,0,0,0,0.0,0.0,0,0,0
410,398,1,0,0,1,0,0,0,0.0,0.0,0,0,0
410,11376,1,0,0,1,0,0,0,0.0,0.0,0,0,0
1429,4554,1,0,0,1,0,0,0,0.0,0.0,0,0,0
12,1386,1,0.00399,0.09210526315789473684210526316,0,1,0,0.0,0.00399,0.0,0,0.09210526315789473684210526316,0
631,9614,1,0,0,1,0,0,0,0.0,0.0,0,0,0
800,4111,1,0,0,1,0,0,0,0.0,0.0,0,0,0
86,28760,1,0,0,1,0,0,0,0.0,0.0,0,0,0
405,2805,2,0,0,2,0,0,0,0.0,0.0,0,0,0
410,4171,1,0,0,1,0,0,0,0.0,0.0,0,0,0
347,141,1,0.0057,0.06451612903225806451612903226,0,0,1,0.0,0.0,0.0057,0,0,0.06451612903225806451612903226
358,1031,2,0,0,0,1,1,0.0,0,0,0,0,0
506,4111,1,0,0,1,0,0,0,0.0,0.0,0,0,0
506,1385,1,0,0,1,0,0,0,0.0,0.0,0,0,0
607,408,1,0,0,1,0,0,0,0.0,0.0,0,0,0
969,21687,1,0,0,1,0,0,0,0.0,0.0,0,0,0
12,1307,1,0,0,1,0,0,0,0.0,0.0,0,0,0
762,2577,1,0,0,1,0,0,0,0.0,0.0,0,0,0
714,1084,1,0,0,0,0,1,0.0,0.0,0,0,0,0
46,2293,1,0,0,1,0,0,0,0.0,0.0,0,0,0
4171,1038,1,0,0,0,1,0,0.0,0,0.0,0,0,0
410,3037,1,0,0,1,0,0,0,0.0,0.0,0,0,0
252,1253,1,0,0,1,0,0,0,0.0,0.0,0,0,0
410,22294,1,0,0,1,0,0,0,0.0,0.0,0,0,0
931,1268,1,0,0,0,1,0,0.0,0,0.0,0,0,0
984,1088,1,0,0,1,0,0,0,0.0,0.0,0,0,0
506,1429,1,0,0,1,0,0,0,0.0,0.0,0,0,0
244,1159,1,0,0,1,0,0,0,0.0,0.0,0,0,0
1104,8373,1,0,0,1,0,0,0,0.0,0.0,0,0,0
46,4326,1,0,0,1,0,0,0,0.0,0.0,0,0,0
621,4032,1,0,0,1,0,0,0,0.0,0.0,0,0,0
1049,1082,1,0,0,0,1,0,0.0,0,0.0,0,0,0
1038,4172,1,0,0,1,0,0,0,0.0,0.0,0,0,0
31,3688,1,0,0,1,0,0,0,0.0,0.0,0,0,0
1386,839,1,0,0,0,1,0,0.0,0,0.0,0,0,0
543,49734,1,0,0,1,0,0,0,0.0,0.0,0,0,0
1386,9228,1,0,0,1,0,0,0,0.0,0.0,0,0,0
11,988,1,0,0,1,0,0,0,0.0,0.0,0,0,0
46,4084,1,0,0,1,0,0,0,0.0,0.0,0,0,0
416,380,1,0,0,1,0,0,0,0.0,0.0,0,0,0
862,458,1,0.0228,0.4761904761904761904761904762,0,0,1,0.0,0.0,0.0228,0,0,0.4761904761904761904761904762
931,1237,1,0,0,1,0,0,0,0.0,0.0,0,0,0
3008,1150,1,0,0,0,1,0,0.0,0,0.0,0,0,0
5,1103,1,0,0,1,0,0,0,0.0,0.0,0,0,0
289,2413,1,0,0,1,0,0,0,0.0,0.0,0,0,0
244,3057,1,0,0,0,1,0,0.0,0,0.0,0,0,0
1049,366,1,0,0,1,0,0,0,0.0,0.0,0,0,0
583,368,1,0,0,0,1,0,0.0,0,0.0,0,0,0
1386,398,1,0,0,0,1,0,0.0,0,0.0,0,0,0
985,1078,2,0,0,2,0,0,0,0.0,0.0,0,0,0
289,3721,1,0,0,1,0,0,0,0.0,0.0,0,0,0
931,3688,1,0,0,1,0,0,0,0.0,0.0,0,0,0
430,5587,1,0,0,1,0,0,0,0.0,0.0,0,0,0
1010,703,1,0,0,0,0,1,0.0,0.0,0,0,0,0
273,1082,1,0,0,0,1,0,0.0,0,0.0,0,0,0
289,1027,1,0,0,1,0,0,0,0.0,0.0,0,0,0
1005,19164,1,0,0,1,0,0,0,0.0,0.0,0,0,0
355,1098,1,0,0,1,0,0,0,0.0,0.0,0,0,0
1020,677,1,0,0,1,0,0,0,0.0,0.0,0,0,0
1408,1038,1,0,0,0,1,0,0.0,0,0.0,0,0,0
371,1388,1,0,0,0,0,1,0.0,0.0,0,0,0,0
31,3064,1,0,0,1,0,0,0,0.0,0.0,0,0,0
410,2251,1,0,0,1,0,0,0,0.0,0.0,0,0,0
416,36590,1,0,0,0,1,0,0.0,0,0.0,0,0,0
862,4254,1,0,0,1,0,0,0,0.0,0.0,0,0,0
148,1088,1,0,0,1,0,0,0,0.0,0.0,0,0,0
506,3057,1,0,0,1,0,0,0,0.0,0.0,0,0,0
405,988,1,0,0,1,0,0,0,0.0,0.0,0,0,0
252,4172,1,0,0,0,1,0,0.0,0,0.0,0,0,0
130,8970,1,0,0,1,0,0,0,0.0,0.0,0,0,0
13,142,1,0,0,1,0,0,0,0.0,0.0,0,0,0
31,1035,1,0,0,1,0,0,0,0.0,0.0,0,0,0
985,2805,1,0,0,1,0,0,0,0.0,0.0,0,0,0
989,703,1,0,0,0,0,1,0.0,0.0,0,0,0,0
862,29251,1,0,0,1,0,0,0,0.0,0.0,0,0,0
355,1071,1,0,0,0,1,0,0.0,0,0.0,0,0,0
130,26789,1,0,0,1,0,0,0,0.0,0.0,0,0,0
410,3057,1,0,0,0,1,0,0.0,0,0.0,0,0,0
512,399,1,0,0,1,0,0,0,0.0,0.0,0,0,0
44,91,1,0,0,1,0,0,0,0.0,0.0,0,0,0
2403,630,1,0,0,1,0,0,0,0.0,0.0,0,0,0
405,2436,1,0,0,1,0,0,0,0.0,0.0,0,0,0
398,142,1,0.0114,0.1063829787234042553191489362,0,1,0,0.0,0.0114,0.0,0,0.1063829787234042553191489362,0
506,22045,2,0,0,1,1,0,0,0,0.0,0,0,0
1390,8287,1,0,0,1,0,0,0,0.0,0.0,0,0,0
985,405,2,0,0,2,0,0,0,0.0,0.0,0,0,0
410,2687,1,0,0,1,0,0,0,0.0,0.0,0,0,0
31,399,2,0,0,2,0,0,0,0.0,0.0,0,0,0
22,355,1,0,0,0,1,0,0.0,0,0.0,0,0,0
940,2867,1,0.00057,0.01086956521739130434782608696,0,1,0,0.0,0.00057,0.0,0,0.01086956521739130434782608696,0
148,3055,1,0,0,1,0,0,0,0.0,0.0,0,0,0
410,1047,1,0,0,1,0,0,0,0.0,0.0,0,0,0
1020,1031,1,0,0,0,0,1,0.0,0.0,0,0,0,0
29,1074,1,0,0,0,1,0,0.0,0,0.0,0,0,0
12,15947,1,0,0,1,0,0,0,0.0,0.0,0,0,0
3008,1003,1,0,0,0,0,1,0.0,0.0,0,0,0,0
399,1034,1,0,0,1,0,0,0,0.0,0.0,0,0,0
641,1098,1,0,0,1,0,0,0,0.0,0.0,0,0,0
1390,4102,1,0,0,1,0,0,0,0.0,0.0,0,0,0
1071,677,1,0,0,0,0,1,0.0,0.0,0,0,0,0
1104,1005,1,0,0,1,0,0,0,0.0,0.0,0,0,0
512,4079,1,0,0,1,0,0,0,0.0,0.0,0,0,0
800,49939,1,0,0,1,0,0,0,0.0,0.0,0,0,0
430,749,1,0,0,1,0,0,0,0.0,0.0,0,0,0
289,4080,1,0,0,1,0,0,0,0.0,0.0,0,0,0
6195,130,1,0,0,0,1,0,0.0,0,0.0,0,0,0
506,1244,1,0,0,1,0,0,0,0.0,0.0,0,0,0
6195,18950,1,0,0,1,0,0,0,0.0,0.0,0,0,0
641,2964,1,0,0,1,0,0,0,0.0,0.0,0,0,0
405,2963,1,0,0,1,0,0,0,0.0,0.0,0,0,0
1210,1005,1,0,0,1,0,0,0,0.0,0.0,0,0,0
533,129,1,0,0,1,0,0,0,0.0,0.0,0,0,0
368,940,1,0,0,0,1,0,0.0,0,0.0,0,0,0
130,9415,1,0,0,1,0,0,0,0.0,0.0,0,0,0
31,6195,1,0,0,0,0,1,0.0,0.0,0,0,0,0
405,2454,1,0,0,1,0,0,0,0.0,0.0,0,0,0
42,170,1,0,0,1,0,0,0,0.0,0.0,0,0,0
1008,355,1,0,0,0,1,0,0.0,0,0.0,0,0,0
618,11300,2,0,0,1,1,0,0,0,0.0,0,0,0
281,2963,1,0,0,1,0,0,0,0.0,0.0,0,0,0
6195,14888,1,0,0,1,0,0,0,0.0,0.0,0,0,0
46,49939,1,0,0,1,0,0,0,0.0,0.0,0,0,0
5,506,1,0,0,0,1,0,0.0,0,0.0,0,0,0
447,3,1,0,0,1,0,0,0,0.0,0.0,0,0,0
2921,1415,1,0,0,1,0,0,0,0.0,0.0,0,0,0
1049,1533,1,0,0,0,1,0,0.0,0,0.0,0,0,0
12,4097,1,0,0,1,0,0,0,0.0,0.0,0,0,0
80,47,1,0,0,0,1,0,0.0,0,0.0,0,0,0
13,2457,2,0,0,2,0,0,0,0.0,0.0,0,0,0
1039,29842,1,0,0,1,0,0,0,0.0,0.0,0,0,0
430,4031,1,0,0,1,0,0,0,0.0,0.0,0,0,0
2288,3064,1,0,0,1,0,0,0,0.0,0.0,0,0,0
3709,169,1,0,0,1,0,0,0,0.0,0.0,0,0,0
862,2722,1,0,0,1,0,0,0,0.0,0.0,0,0,0
762,349,1,0,0,0,1,0,0.0,0,0.0,0,0,0
543,11245,1,0,0,1,0,0,0,0.0,0.0,0,0,0
5,1408,1,0,0,0,1,0,0.0,0,0.0,0,0,0
1429,10643,1,0,0,1,0,0,0,0.0,0.0,0,0,0
244,417,1,0,0,1,0,0,0,0.0,0.0,0,0,0
862,1448,1,0,0,1,0,0,0,0.0,0.0,0,0,0
1038,6692,1,0,0,1,0,0,0,0.0,0.0,0,0,0
46,4330,1,0,0,1,0,0,0,0.0,0.0,0,0,0
29,987,1,0,0,1,0,0,0,0.0,0.0,0,0,0
252,5621,1,0,0,1,0,0,0,0.0,0.0,0,0,0
989,1198,1,0,0,0,1,0,0.0,0,0.0,0,0,0
595,10004,1,0,0,1,0,0,0,0.0,0.0,0,0,0
3368,11596,1,0,0,0,1,0,0.0,0,0.0,0,0,0
31,405,1,0,0,1,0,0,0,0.0,0.0,0,0,0
148,698,1,0,0,1,0,0,0,0.0,0.0,0,0,0
1306,12,1,0.00114,0.02380952380952380952380952381,1,0,0,0.00114,0.0,0.0,0.02380952380952380952380952381,0,0
5,714,1,0,0,0,0,1,0.0,0.0,0,0,0,0
2722,5615,1,0,0,1,0,0,0,0.0,0.0,0,0,0
762,703,1,0,0,1,0,0,0,0.0,0.0,0,0,0
1158,17707,1,0,0,0,0,1,0.0,0.0,0,0,0,0
1390,1307,1,0,0,1,0,0,0,0.0,0.0,0,0,0
2441,862,1,0.00228,0.04651162790697674418604651163,0,1,0,0.0,0.00228,0.0,0,0.04651162790697674418604651163,0
1032,3536,1,0,0,1,0,0,0,0.0,0.0,0,0,0
1049,2867,1,0,0,1,0,0,0,0.0,0.0,0,0,0
506,5543,1,0,0,1,0,0,0,0.0,0.0,0,0,0
252,1075,1,0,0,0,0,1,0.0,0.0,0,0,0,0
897,58,1,0,0,0,0,1,0.0,0.0,0,0,0,0
940,3368,1,0,0,1,0,0,0,0.0,0.0,0,0,0
189,839,1,0.00456,0.05161290322580645161290322581,0,0,1,0.0,0.0,0.00456,0,0,0.05161290322580645161290322581
418,1244,1,0,0,1,0,0,0,0.0,0.0,0,0,0
7074,281,1,0.0057,0.1190476190476190476190476190,1,0,0,0.0057,0.0,0.0,0.1190476190476190476190476190,0,0
1038,276,1,0,0,0,1,0,0.0,0,0.0,0,0,0
1390,4171,1,0,0,1,0,0,0,0.0,0.0,0,0,0
1158,2969,2,0,0,2,0,0,0,0.0,0.0,0,0,0
1105,1390,1,0,0,0,0,1,0.0,0.0,0,0,0,0
46,130,1,0,0,1,0,0,0,0.0,0.0,0,0,0
1385,862,1,0,0,1,0,0,0,0.0,0.0,0,0,0
4271,1627,1,0,0,0,1,0,0.0,0,0.0,0,0,0
164,1237,1,0,0,1,0,0,0,0.0,0.0,0,0,0
33,237,1,0,0,1,0,0,0,0.0,0.0,0,0,0
931,358,1,0,0,1,0,0,0,0.0,0.0,0,0,0
681,1533,1,0,0,1,0,0,0,0.0,0.0,0,0,0
273,2067,1,0,0,1,0,0,0,0.0,0.0,0,0,0
1032,986,1,0,0,1,0,0,0,0.0,0.0,0,0,0
366,3709,1,0,0,1,0,0,0,0.0,0.0,0,0,0
839,1627,1,0,0,1,0,0,0,0.0,0.0,0,0,0
164,987,1,0,0,1,0,0,0,0.0,0.0,0,0,0
506,7074,1,0,0,1,0,0,0,0.0,0.0,0,0,0
1032,399,1,0,0,0,1,0,0.0,0,0.0,0,0,0
2441,2867,1,0.00388,0.08956602031394275161588180979,0,1,0,0.0,0.00388,0.0,0,0.08956602031394275161588180979,0
276,4554,1,0,0,1,0,0,0,0.0,0.0,0,0,0
12,1025,2,0,0,0,2,0,0.0,0,0.0,0,0,0
46,1210,1,0,0,1,0,0,0,0.0,0.0,0,0,0
410,4255,1,0,0,1,0,0,0,0.0,0.0,0,0,0
33,698,1,0,0,0,1,0,0.0,0,0.0,0,0,0
232,148,1,0.00798,0.1196581196581196581196581197,0,0,1,0.0,0.0,0.00798,0,0,0.1196581196581196581196581197
543,1039,1,0,0,1,0,0,0,0.0,0.0,0,0,0
23826,2,1,0,0,1,0,0,0,0.0,0.0,0,0,0
995,2580,1,0,0,1,0,0,0,0.0,0.0,0,0,0
800,5615,1,0,0,1,0,0,0,0.0,0.0,0,0,0
289,1148,1,0,0,1,0,0,0,0.0,0.0,0,0,0
281,681,1,0,0,1,0,0,0,0.0,0.0,0,0,0
416,2331,1,0,0,1,0,0,0,0.0,0.0,0,0,0
984,899,1,0,0,1,0,0,0,0.0,0.0,0,0,0
18,1184,1,0,0,0,1,0,0.0,0,0.0,0,0,0
273,738,1,0,0,1,0,0,0,0.0,0.0,0,0,0
800,8970,1,0,0,0,1,0,0.0,0,0.0,0,0,0
276,506,1,0,0,1,0,0,0,0.0,0.0,0,0,0
1025,4326,1,0,0,1,0,0,0,0.0,0.0,0,0,0
244,873,1,0,0,1,0,0,0,0.0,0.0,0,0,0
6195,288,1,0,0,0,0,1,0.0,0.0,0,0,0,0
164,603,1,0,0,0,1,0,0.0,0,0.0,0,0,0
1003,1237,1,0,0,0,0,1,0.0,0.0,0,0,0,0
738,244,1,0.00456,0.1052631578947368421052631579,1,0,0,0.00456,0.0,0.0,0.1052631578947368421052631579,0,0
337,350,1,0,0,0,0,1,0.0,0.0,0,0,0,0
660,379,1,0,0,0,1,0,0.0,0,0.0,0,0,0
358,1045,1,0,0,1,0,0,0,0.0,0.0,0,0,0
2655,252,1,0,0,1,0,0,0,0.0,0.0,0,0,0
11,1073,1,0,0,1,0,0,0,0.0,0.0,0,0,0
41,266,1,0,0,1,0,0,0,0.0,0.0,0,0,0
82,850,1,0.00057,0.006578947368421052631578947368,1,0,0,0.00057,0.0,0.0,0.006578947368421052631578947368,0,0
276,4163,1,0,0,1,0,0,0,0.0,0.0,0,0,0
1032,1218,1,0,0,1,0,0,0,0.0,0.0,0,0,0
11,1194,1,0,0,1,0,0,0,0.0,0.0,0,0,0
281,2964,1,0,0,1,0,0,0,0.0,0.0,0,0,0
1025,4159,1,0,0,1,0,0,0,0.0,0.0,0,0,0
984,337,1,0,0,0,1,0,0.0,0,0.0,0,0,0
410,11843,1,0,0,1,0,0,0,0.0,0.0,0,0,0
1123,2963,1,0,0,1,0,0,0,0.0,0.0,0,0,0
418,606,1,0,0,0,1,0,0.0,0,0.0,0,0,0
543,350,1,0,0,1,0,0,0,0.0,0.0,0,0,0
862,1429,1,0,0,1,0,0,0,0.0,0.0,0,0,0
130,4061,3,0,0,3,0,0,0,0.0,0.0,0,0,0
631,3786,1,0,0,1,0,0,0,0.0,0.0,0,0,0
276,1390,1,0,0,0,0,1,0.0,0.0,0,0,0,0
826,3508,1,0,0,1,0,0,0,0.0,0.0,0,0,0
18,107,1,0,0,0,1,0,0.0,0,0.0,0,0,0
681,11608,1,0,0,1,0,0,0,0.0,0.0,0,0,0
989,3884,1,0,0,1,0,0,0,0.0,0.0,0,0,0
252,4104,1,0,0,1,0,0,0,0.0,0.0,0,0,0
641,543,1,0,0,0,0,1,0.0,0.0,0,0,0,0
31,1003,1,0,0,1,0,0,0,0.0,0.0,0,0,0
631,29228,1,0,0,1,0,0,0,0.0,0.0,0,0,0
13,1050,1,0,0,1,0,0,0,0.0,0.0,0,0,0
5,5514,1,0,0,1,0,0,0,0.0,0.0,0,0,0
11,3709,1,0,0,1,0,0,0,0.0,0.0,0,0,0
29,2805,1,0,0,1,0,0,0,0.0,0.0,0,0,0
1049,3709,1,0,0,0,1,0,0.0,0,0.0,0,0,0
355,512,1,0,0,0,0,1,0.0,0.0,0,0,0,0
1210,130,1,0,0,1,0,0,0,0.0,0.0,0,0,0
2288,465,1,0,0,1,0,0,0,0.0,0.0,0,0,0
162,11273,1,0,0,1,0,0,0,0.0,0.0,0,0,0
410,10484,1,0,0,1,0,0,0,0.0,0.0,0,0,0
506,10670,1,0,0,1,0,0,0,0.0,0.0,0,0,0
130,22302,1,0,0,1,0,0,0,0.0,0.0,0,0,0
42,533,1,0,0,1,0,0,0,0.0,0.0,0,0,0
800,5174,1,0,0,1,0,0,0,0.0,0.0,0,0,0
800,19164,1,0,0,1,0,0,0,0.0,0.0,0,0,0
148,533,1,0.00456,0.09523809523809523809523809524,0,0,1,0.0,0.0,0.00456,0,0,0.09523809523809523809523809524
1041,61,1,0,0,1,0,0,0,0.0,0.0,0,0,0
855,1158,1,0,0,1,0,0,0,0.0,0.0,0,0,0
164,2577,1,0,0,1,0,0,0,0.0,0.0,0,0,0
405,800,1,0,0,1,0,0,0,0.0,0.0,0,0,0
252,19164,1,0,0,1,0,0,0,0.0,0.0,0,0,0
1082,8728,1,0,0,1,0,0,0,0.0,0.0,0,0,0
46,4083,1,0,0,1,0,0,0,0.0,0.0,0,0,0
130,4031,1,0,0,0,1,0,0.0,0,0.0,0,0,0
1038,1253,1,0,0,1,0,0,0,0.0,0.0,0,0,0
405,164,1,0,0,0,1,0,0.0,0,0.0,0,0,0
631,448,1,0,0,1,0,0,0,0.0,0.0,0,0,0
294,244,1,0,0,0,0,1,0.0,0.0,0,0,0,0
430,1387,1,0,0,1,0,0,0,0.0,0.0,0,0,0
1038,18950,1,0,0,1,0,0,0,0.0,0.0,0,0,0
1387,10561,1,0,0,1,0,0,0,0.0,0.0,0,0,0
289,3008,1,0,0,1,0,0,0,0.0,0.0,0,0,0
862,1386,1,0,0,1,0,0,0,0.0,0.0,0,0,0
618,1158,1,0,0,0,0,1,0.0,0.0,0,0,0,0
1025,1005,1,0,0,0,1,0,0.0,0,0.0,0,0,0
543,1003,1,0,0,1,0,0,0,0.0,0.0,0,0,0
506,312,1,0,0,1,0,0,0,0.0,0.0,0,0,0
1775,367,1,0,0,0,1,0,0.0,0,0.0,0,0,0
410,4271,1,0,0,1,0,0,0,0.0,0.0,0,0,0
379,989,2,0,0,1,1,0,0,0,0.0,0,0,0
60,1,1,0,0,1,0,0,0,0.0,0.0,0,0,0
641,1181,2,0,0,2,0,0,0,0.0,0.0,0,0,0
800,4150,1,0,0,1,0,0,0,0.0,0.0,0,0,0
800,2254,1,0,0,1,0,0,0,0.0,0.0,0,0,0
543,1191,1,0,0,1,0,0,0,0.0,0.0,0,0,0
1181,3825,1,0,0,1,0,0,0,0.0,0.0,0,0,0
4171,329,1,0,0,1,0,0,0,0.0,0.0,0,0,0
1032,1020,1,0,0,1,0,0,0,0.0,0.0,0,0,0
44,76,1,0,0,0,1,0,0.0,0,0.0,0,0,0
800,27568,1,0,0,1,0,0,0,0.0,0.0,0,0,0
931,2262,1,0,0,1,0,0,0,0.0,0.0,0,0,0
332,5514,1,0,0,1,0,0,0,0.0,0.0,0,0,0
131,897,1,0,0,1,0,0,0,0.0,0.0,0,0,0
1049,6600,1,0.00342,0.05128205128205128205128205128,0,1,0,0.0,0.00342,0.0,0,0.05128205128205128205128205128,0
583,3524,1,0,0,1,0,0,0,0.0,0.0,0,0,0
281,1089,1,0,0,1,0,0,0,0.0,0.0,0,0,0
11,1072,1,0,0,1,0,0,0,0.0,0.0,0,0,0
862,2331,1,0,0,1,0,0,0,0.0,0.0,0,0,0
410,4111,1,0,0,1,0,0,0,0.0,0.0,0,0,0
2921,4114,1,0,0,1,0,0,0,0.0,0.0,0,0,0
1123,352,1,0,0,0,1,0,0.0,0,0.0,0,0,0
150,1108,1,0,0,0,0,1,0.0,0.0,0,0,0,0
458,2239,1,0,0,1,0,0,0,0.0,0.0,0,0,0
1531,648,1,0,0,0,1,0,0.0,0,0.0,0,0,0
273,10004,1,0,0,0,1,0,0.0,0,0.0,0,0,0
358,1132,1,0,0,1,0,0,0,0.0,0.0,0,0,0
506,8970,1,0,0,1,0,0,0,0.0,0.0,0,0,0
5,4102,1,0,0,1,0,0,0,0.0,0.0,0,0,0
985,1096,1,0,0,1,0,0,0,0.0,0.0,0,0,0
1385,4095,1,0,0,1,0,0,0,0.0,0.0,0,0,0
289,1198,1,0,0,1,0,0,0,0.0,0.0,0,0,0
3008,1034,1,0,0,1,0,0,0,0.0,0.0,0,0,0
631,282,3,0,0,3,0,0,0,0.0,0.0,0,0,0
512,349,1,0,0,1,0,0,0,0.0,0.0,0,0,0
31,22,2,0,0,1,1,0,0,0,0.0,0,0,0
46,862,2,0,0,1,1,0,0,0,0.0,0,0,0
405,972,1,0,0,1,0,0,0,0.0,0.0,0,0,0
12,7197,1,0,0,1,0,0,0,0.0,0.0,0,0,0
405,698,1,0,0,1,0,0,0,0.0,0.0,0,0,0
862,607,1,0,0,1,0,0,0,0.0,0.0,0,0,0
41,42,1,0,0,0,1,0,0.0,0,0.0,0,0,0
472,1084,1,0,0,1,0,0,0,0.0,0.0,0,0,0
79,15,1,0.0057,0.1190476190476190476190476190,1,0,0,0.0057,0.0,0.0,0.1190476190476190476190476190,0,0
114,1084,1,0.00496,0.04143692564745196324143692565,0,1,0,0.0,0.00496,0.0,0,0.04143692564745196324143692565,0
1420,452,1,0,0,0,1,0,0.0,0,0.0,0,0,0
252,839,1,0,0,1,0,0,0,0.0,0.0,0,0,0
22,512,1,0,0,0,0,1,0.0,0.0,0,0,0,0
419,862,1,0,0,1,0,0,0,0.0,0.0,0,0,0
379,1220,1,0,0,1,0,0,0,0.0,0.0,0,0,0
13,367,1,0,0,1,0,0,0,0.0,0.0,0,0,0
543,358,1,0,0,1,0,0,0,0.0,0.0,0,0,0
46,704,1,0,0,1,0,0,0,0.0,0.0,0,0,0
18,30,1,0,0,0,1,0,0.0,0,0.0,0,0,0
410,16795,1,0,0,0,1,0,0.0,0,0.0,0,0,0
281,1035,1,0,0,0,1,0,0.0,0,0.0,0,0,0
12,4750,1,0,0,1,0,0,0,0.0,0.0,0,0,0
130,5174,1,0,0,1,0,0,0,0.0,0.0,0,0,0
800,1385,1,0,0,1,0,0,0,0.0,0.0,0,0,0
1039,3688,1,0,0,1,0,0,0,0.0,0.0,0,0,0
31,3008,1,0,0,1,0,0,0,0.0,0.0,0,0,0
40,1420,1,0,0,1,0,0,0,0.0,0.0,0,0,0
29,899,1,0,0,1,0,0,0,0.0,0.0,0,0,0
5,1253,1,0,0,0,1,0,0.0,0,0.0,0,0,0
383,1531,1,0.00108,0.01159295835122370115929583512,0,1,0,0.0,0.00108,0.0,0,0.01159295835122370115929583512,0
289,281,1,0,0,0,1,0,0.0,0,0.0,0,0,0
416,8970,1,0,0,0,1,0,0.0,0,0.0,0,0,0
379,2805,1,0,0,1,0,0,0,0.0,0.0,0,0,0
1210,4541,1,0,0,0,1,0,0.0,0,0.0,0,0,0
180,2814,1,0,0,0,1,0,0.0,0,0.0,0,0,0
800,2331,1,0,0,1,0,0,0,0.0,0.0,0,0,0
1123,1035,1,0,0,0,1,0,0.0,0,0.0,0,0,0
506,4159,2,0,0,1,1,0,0,0,0.0,0,0,0
281,355,1,0,0,0,0,1,0.0,0.0,0,0,0,0
631,1150,1,0,0,1,0,0,0,0.0,0.0,0,0,0
2921,4331,1,0,0,1,0,0,0,0.0,0.0,0,0,0
40,3524,1,0,0,1,0,0,0,0.0,0.0,0,0,0
281,1078,1,0,0,1,0,0,0,0.0,0.0,0,0,0
1237,1071,3,0,0,3,0,0,0,0.0,0.0,0,0,0
1038,13562,1,0,0,1,0,0,0,0.0,0.0,0,0,0
1387,9353,1,0,0,1,0,0,0,0.0,0.0,0,0,0
1010,714,1,0,0,0,1,0,0.0,0,0.0,0,0,0
720,1050,1,0,0,0,1,0,0.0,0,0.0,0,0,0
4083,2581,1,0,0,1,0,0,0,0.0,0.0,0,0,0
12,2921,1,0,0,1,0,0,0,0.0,0.0,0,0,0
417,180,1,0,0,1,0,0,0,0.0,0.0,0,0,0
332,2254,1,0,0,1,0,0,0,0.0,0.0,0,0,0
984,985,1,0,0,1,0,0,0,0.0,0.0,0,0,0
2722,27116,1,0,0,1,0,0,0,0.0,0.0,0,0,0
1387,10643,1,0,0,1,0,0,0,0.0,0.0,0,0,0
180,989,2,0,0,1,0,1,0,0.0,0,0,0,0
289,899,1,0,0,1,0,0,0,0.0,0.0,0,0,0
162,8728,1,0,0,1,0,0,0,0.0,0.0,0,0,0
931,2454,1,0,0,1,0,0,0,0.0,0.0,0,0,0
506,3037,1,0.00111,0.009640437727983324648254299114,1,0,0,0.00111,0.0,0.0,0.009640437727983324648254299114,0,0
1181,6168,1,0,0,1,0,0,0,0.0,0.0,0,0,0
164,1150,1,0,0,0,1,0,0.0,0,0.0,0,0,0
1005,458,1,0,0,0,1,0,0.0,0,0.0,0,0,0
5,5543,1,0,0,1,0,0,0,0.0,0.0,0,0,0
11,873,1,0,0,1,0,0,0,0.0,0.0,0,0,0
18,129,1,0,0,1,0,0,0,0.0,0.0,0,0,0
148,2814,1,0,0,0,1,0,0.0,0,0.0,0,0,0
398,800,1,0,0,0,1,0,0.0,0,0.0,0,0,0
641,367,1,0,0,0,1,0,0.0,0,0.0,0,0,0
873,379,1,0,0,0,0,1,0.0,0.0,0,0,0,0
458,6692,1,0,0,1,0,0,0,0.0,0.0,0,0,0
506,4326,1,0,0,1,0,0,0,0.0,0.0,0,0,0
399,543,1,0,0,1,0,0,0,0.0,0.0,0,0,0
677,19,1,0,0,0,1,0,0.0,0,0.0,0,0,0
641,1132,1,0,0,0,0,1,0.0,0.0,0,0,0,0
1429,7198,1,0,0,0,1,0,0.0,0,0.0,0,0,0
1429,2722,2,0,0,2,0,0,0,0.0,0.0,0,0,0
379,3537,1,0,0,1,0,0,0,0.0,0.0,0,0,0
506,829,1,0,0,1,0,0,0,0.0,0.0,0,0,0
862,5621,1,0,0,1,0,0,0,0.0,0.0,0,0,0
358,1032,1,0,0,0,1,0,0.0,0,0.0,0,0,0
289,1003,1,0,0,1,0,0,0,0.0,0.0,0,0,0
410,10348,1,0,0,1,0,0,0,0.0,0.0,0,0,0
762,3456,1,0,0,1,0,0,0,0.0,0.0,0,0,0
130,839,1,0,0,1,0,0,0,0.0,0.0,0,0,0
24,52,1,0,0,0,1,0,0.0,0,0.0,0,0,0
512,337,1,0,0,1,0,0,0,0.0,0.0,0,0,0
180,1098,1,0,0,1,0,0,0,0.0,0.0,0,0,0
11,6195,1,0,0,0,1,0,0.0,0,0.0,0,0,0
506,4515,1,0,0,1,0,0,0,0.0,0.0,0,0,0
289,1219,1,0,0,1,0,0,0,0.0,0.0,0,0,0
506,2722,1,0,0,1,0,0,0,0.0,0.0,0,0,0
13,1533,1,0,0,1,0,0,0,0.0,0.0,0,0,0
2288,1020,1,0,0,1,0,0,0,0.0,0.0,0,0,0
1075,1049,1,0,0,1,0,0,0,0.0,0.0,0,0,0
41,65,1,0,0,0,1,0,0.0,0,0.0,0,0,0
148,180,1,0,0,0,0,1,0.0,0.0,0,0,0,0
984,466,1,0,0,0,0,1,0.0,0.0,0,0,0,0
749,1307,1,0,0,1,0,0,0,0.0,0.0,0,0,0
180,3536,1,0,0,1,0,0,0,0.0,0.0,0,0,0
39,269,1,0,0,1,0,0,0,0.0,0.0,0,0,0
1132,15,1,0,0,0,0,1,0.0,0.0,0,0,0,0
506,938,1,0,0,1,0,0,0,0.0,0.0,0,0,0
273,347,1,0,0,1,0,0,0,0.0,0.0,0,0,0
2921,3739,1,0,0,1,0,0,0,0.0,0.0,0,0,0
1108,648,1,0,0,0,1,0,0.0,0,0.0,0,0,0
1627,2331,1,0.00114,0.009900990099009900990099009901,1,0,0,0.00114,0.0,0.0,0.009900990099009900990099009901,0,0
162,3898,1,0,0,1,0,0,0,0.0,0.0,0,0,0
416,2721,1,0,0,1,0,0,0,0.0,0.0,0,0,0
312,12,1,0,0,0,0,1,0.0,0.0,0,0,0,0
162,1159,1,0,0,1,0,0,0,0.0,0.0,0,0,0
1071,1132,1,0,0,0,0,1,0.0,0.0,0,0,0,0
1003,698,1,0,0,0,1,0,0.0,0,0.0,0,0,0
398,10348,1,0,0,1,0,0,0,0.0,0.0,0,0,0
800,21331,1,0,0,1,0,0,0,0.0,0.0,0,0,0
800,1047,1,0,0,1,0,0,0,0.0,0.0,0,0,0
281,990,1,0,0,1,0,0,0,0.0,0.0,0,0,0
39,468,1,0,0,1,0,0,0,0.0,0.0,0,0,0
583,3161,1,0,0,1,0,0,0,0.0,0.0,0,0,0
289,2577,1,0,0,1,0,0,0,0.0,0.0,0,0,0
355,3688,1,0,0,1,0,0,0,0.0,0.0,0,0,0
252,2921,1,0.00228,0.04761904761904761904761904762,1,0,0,0.00228,0.0,0.0,0.04761904761904761904761904762,0,0
1387,1408,1,0,0,1,0,0,0,0.0,0.0,0,0,0
762,1237,2,0,0,0,1,1,0.0,0,0,0,0,0
46,8579,1,0,0,1,0,0,0,0.0,0.0,0,0,0
506,4171,1,0.00228,0.009009009009009009009009009009,0,1,0,0.0,0.00228,0.0,0,0.009009009009009009009009009009,0
11,430,1,0,0,1,0,0,0,0.0,0.0,0,0,0
5,13,1,0.0057,0.1315789473684210526315789474,0,1,0,0.0,0.0057,0.0,0,0.1315789473684210526315789474,0
410,4102,2,0,0,0,2,0,0.0,0,0.0,0,0,0
237,4053,1,0,0,1,0,0,0,0.0,0.0,0,0,0
989,1181,1,0,0,0,1,0,0.0,0,0.0,0,0,0
150,1435,1,0,0,0,0,1,0.0,0.0,0,0,0,0
148,379,1,0,0,1,0,0,0,0.0,0.0,0,0,0
26,15,1,0.0171,0.250,0,1,0,0.0,0.0171,0.0,0,0.250,0
749,30066,1,0,0,1,0,0,0,0.0,0.0,0,0,0
6683,631,1,0,0,1,0,0,0,0.0,0.0,0,0,0
1025,2250,1,0,0,1,0,0,0,0.0,0.0,0,0,0
398,3899,1,0,0,0,0,1,0.0,0.0,0,0,0,0
862,4172,1,0,0,1,0,0,0,0.0,0.0,0,0,0
1386,5619,1,0,0,0,1,0,0.0,0,0.0,0,0,0
379,677,1,0,0,1,0,0,0,0.0,0.0,0,0,0
1158,162,1,0,0,0,1,0,0.0,0,0.0,0,0,0
11,349,1,0,0,1,0,0,0,0.0,0.0,0,0,0
410,2722,1,0,0,1,0,0,0,0.0,0.0,0,0,0
337,1027,1,0,0,0,0,1,0.0,0.0,0,0,0,0
398,144,1,0,0,0,1,0,0.0,0,0.0,0,0,0
533,114,1,0.00228,0.02127659574468085106382978723,0,1,0,0.0,0.00228,0.0,0,0.02127659574468085106382978723,0
1132,1194,1,0,0,1,0,0,0,0.0,0.0,0,0,0
1071,1302,1,0,0,1,0,0,0,0.0,0.0,0,0,0
358,1110,1,0,0,1,0,0,0,0.0,0.0,0,0,0
281,337,1,0.0131,0.1222471071295259425158641284,1,0,0,0.0131,0.0,0.0,0.1222471071295259425158641284,0,0
714,630,1,0,0,1,0,0,0,0.0,0.0,0,0,0
800,4271,1,0,0,1,0,0,0,0.0,0.0,0,0,0
800,839,1,0,0,1,0,0,0,0.0,0.0,0,0,0
931,349,1,0,0,0,0,1,0.0,0.0,0,0,0,0
621,12405,1,0,0,1,0,0,0,0.0,0.0,0,0,0
1386,4097,1,0,0,0,1,0,0.0,0,0.0,0,0,0
621,5358,1,0,0,1,0,0,0,0.0,0.0,0,0,0
5,1047,1,0,0,1,0,0,0,0.0,0.0,0,0,0
40,1082,1,0,0,0,1,0,0.0,0,0.0,0,0,0
762,1219,1,0,0,1,0,0,0,0.0,0.0,0,0,0
410,14555,1,0,0,1,0,0,0,0.0,0.0,0,0,0
368,141,1,0.0057,0.1162790697674418604651162791,0,0,1,0.0,0.0,0.0057,0,0,0.1162790697674418604651162791
1020,379,1,0,0,0,0,1,0.0,0.0,0,0,0,0
10,996,1,0,0,1,0,0,0,0.0,0.0,0,0,0
458,4111,1,0,0,0,1,0,0.0,0,0.0,0,0,0
276,4255,1,0,0,1,0,0,0,0.0,0.0,0,0,0
749,1210,1,0,0,1,0,0,0,0.0,0.0,0,0,0
458,130,1,0,0,0,0,1,0.0,0.0,0,0,0,0
1082,119,1,0,0,0,1,0,0.0,0,0.0,0,0,0
276,410,1,0,0,0,0,1,0.0,0.0,0,0,0,0
2969,7124,1,0,0,1,0,0,0,0.0,0.0,0,0,0
410,22045,1,0,0,1,0,0,0,0.0,0.0,0,0,0
1010,164,1,0,0,1,0,0,0,0.0,0.0,0,0,0
130,4097,1,0,0,1,0,0,0,0.0,0.0,0,0,0
4331,276,1,0,0,1,0,0,0,0.0,0.0,0,0,0
29,1035,1,0,0,1,0,0,0,0.0,0.0,0,0,0
1025,4171,1,0,0,1,0,0,0,0.0,0.0,0,0,0
931,337,1,0,0,0,0,1,0.0,0.0,0,0,0,0
3709,2687,1,0,0,1,0,0,0,0.0,0.0,0,0,0
762,3537,1,0,0,1,0,0,0,0.0,0.0,0,0,0
252,3037,1,0,0,1,0,0,0,0.0,0.0,0,0,0
130,4554,1,0,0,0,0,1,0.0,0.0,0,0,0,0
631,918,1,0,0,1,0,0,0,0.0,0.0,0,0,0
398,1627,1,0,0,0,1,0,0.0,0,0.0,0,0,0
1387,1005,1,0,0,0,0,1,0.0,0.0,0,0,0,0
11,2262,1,0,0,1,0,0,0,0.0,0.0,0,0,0
15,41,1,0,0,1,0,0,0,0.0,0.0,0,0,0
13,7971,1,0,0,1,0,0,0,0.0,0.0,0,0,0
1032,3537,1,0,0,1,0,0,0,0.0,0.0,0,0,0
631,1194,1,0,0,1,0,0,0,0.0,0.0,0,0,0
46,8970,1,0,0,1,0,0,0,0.0,0.0,0,0,0
338,897,1,0,0,0,1,0,0.0,0,0.0,0,0,0
995,499,1,0,0,1,0,0,0,0.0,0.0,0,0,0
6692,458,1,0,0,0,1,0,0.0,0,0.0,0,0,0
416,46196,1,0,0,1,0,0,0,0.0,0.0,0,0,0
408,2722,1,0,0,1,0,0,0,0.0,0.0,0,0,0
44,21,1,0,0,1,0,0,0,0.0,0.0,0,0,0
800,2250,1,0,0,1,0,0,0,0.0,0.0,0,0,0
164,2805,1,0,0,1,0,0,0,0.0,0.0,0,0,0
1429,4159,1,0,0,1,0,0,0,0.0,0.0,0,0,0
29,703,1,0,0,0,1,0,0.0,0,0.0,0,0,0
13,3349,1,0,0,1,0,0,0,0.0,0.0,0,0,0
800,2239,1,0,0,1,0,0,0,0.0,0.0,0,0,0
506,607,1,0,0,1,0,0,0,0.0,0.0,0,0,0
1387,4086,1,0,0,0,1,0,0.0,0,0.0,0,0,0
148,1220,1,0,0,1,0,0,0,0.0,0.0,0,0,0
621,3368,1,0,0,1,0,0,0,0.0,0.0,0,0,0
506,1105,1,0,0,0,1,0,0.0,0,0.0,0,0,0
252,4326,1,0,0,1,0,0,0,0.0,0.0,0,0,0
252,294,1,0,0,0,1,0,0.0,0,0.0,0,0,0
405,603,1,0,0,0,1,0,0.0,0,0.0,0,0,0
410,759,1,0,0,1,0,0,0,0.0,0.0,0,0,0
430,4085,1,0,0,1,0,0,0,0.0,0.0,0,0,0
1071,6684,1,0,0,1,0,0,0,0.0,0.0,0,0,0
533,127,1,0,0,1,0,0,0,0.0,0.0,0,0,0
897,6182,1,0,0,1,0,0,0,0.0,0.0,0,0,0
985,352,1,0,0,1,0,0,0,0.0,0.0,0,0,0
416,4083,1,0,0,1,0,0,0,0.0,0.0,0,0,0
405,1098,1,0,0,1,0,0,0,0.0,0.0,0,0,0
862,3037,1,0,0,1,0,0,0,0.0,0.0,0,0,0
405,3008,1,0,0,0,1,0,0.0,0,0.0,0,0,0
1533,24420,1,0,0,1,0,0,0,0.0,0.0,0,0,0
660,80,1,0.00342,0.07894736842105263157894736842,1,0,0,0.00342,0.0,0.0,0.07894736842105263157894736842,0,0
25,4000,1,0,0,1,0,0,0,0.0,0.0,0,0,0
862,8738,1,0,0,1,0,0,0,0.0,0.0,0,0,0
506,4718,1,0,0,1,0,0,0,0.0,0.0,0,0,0
2921,32013,1,0,0,1,0,0,0,0.0,0.0,0,0,0
